MASTER_CUSTOMER_NAME,OEM_NAME,SALES_MARKET,SALES_SEGMENT,FISCAL_QUARTER,MDS_VALUE,REVENUE,TakeRate,Order_Date
77 ELEKTRONIKA KFT,ROCHE DIAGNOSTICS,Medical,Monitoring - Personal,FY17-Q1,0,1806,0,1/2/2017
ATHER ENERGY PRIVATE LIMITED,ATHER ENERGY PRIVATE LIMITED,Automotive,Instrumentation,FY17-Q1,4156,0,0,1/2/2017
BLOOM ENERGY,BLOOM ENERGY,Industrial & Semiconductors,Control & Process,FY17-Q1,287205,186315,0.6487178148,1/2/2017
BLOOM ENERGY,BLOOM ENERGY,Control & Process,Industrial & Semiconductors,FY17-Q1,251546,0,0,1/2/2017
BLOOM ENERGY,BLOOM ENERGY (INDIA) PVT. LTD.,Industrial & Semiconductors,Control & Process,FY17-Q1,165550,0,0,1/2/2017
BLOOM ENERGY,BLOOM ENERGY,Industrial & Semiconductors,Other,FY17-Q1,958,0,0,1/2/2017
BULL SAS,ATOS INDIA PRIVATE LIMITED,NO VALUE,NO VALUE,FY17-Q1,3394767,0,0,1/2/2017
BULL SAS,BULL SAS,Enterprise Computing & Storage,Servers,FY17-Q1,5100440,4338374,0.8505881845,1/2/2017
BULL SAS,BULL SAS,NO VALUE,NO VALUE,FY17-Q1,24209,0,0,1/2/2017
GE HEALTHCARE,GE HEALTHCARE,Medical,Other,FY17-Q1,530111,794144,1.498071159,1/2/2017
GE HEALTHCARE,GE HEALTHCARE,NO VALUE,NO VALUE,FY17-Q1,662366,0,0,1/2/2017
"MEDTRONIC, INC.","MEDTRONIC, INC.",NO VALUE,NO VALUE,FY17-Q1,0,18055,0,1/2/2017
"MEDTRONIC, INC.","MEDTRONIC, INC.",Medical,Diagnostic - Imaging - Other,FY17-Q1,146750,0,0,1/2/2017
PHILIPS MEDICAL SYSTEMS,PHILIPS MEDICAL SYSTEMS,NO VALUE,NO VALUE,FY17-Q1,4618161,4638,0.001004295866,1/2/2017
PHILIPS MEDICAL SYSTEMS,PHILIPS INDIA LIMITED,Medical,Diagnostic - Imaging - Big Iron,FY17-Q1,47343,0,0,1/2/2017
PHILIPS MEDICAL SYSTEMS,"PHILIPS ULTRASOUND, INC.",Telecommunications,Other,FY17-Q1,557550,0,0,1/2/2017
PHILIPS MEDICAL SYSTEMS,INVIVO CORPORATION,Medical,Diagnostic - Imaging - Big Iron,FY17-Q1,369,0,0,1/2/2017
PHILIPS MEDICAL SYSTEMS,"PHILIPS ULTRASOUND, INC.",Medical,Diagnostic - Imaging - Ultrasound,FY17-Q1,5576886,0,0,1/2/2017
PHILIPS MEDICAL SYSTEMS,"RESPIRONICS, INC.",Medical,Therapeutic - Respiratory,FY17-Q1,9705,0,0,1/2/2017
PHILIPS MEDICAL SYSTEMS,PHILIPS MEDICAL SYSTEMS,Medical,Diagnostic - Imaging - Ultrasound,FY17-Q1,389975,11396557,29.22381435,1/2/2017
PHILIPS MEDICAL SYSTEMS,PHILIPS MEDICAL SYSTEMS,Medical,Diagnostic - Imaging - Big Iron,FY17-Q1,791317,347587,0.4392512735,1/2/2017
PHILIPS MEDICAL SYSTEMS,PHILIPS MEDICAL SYSTEMS,Medical,Monitoring - Professional,FY17-Q1,442416,595990,1.347125782,1/2/2017
PHILIPS MEDICAL SYSTEMS,PHILIPS MEDICAL SYSTEMS,Medical,Therapeutic - Respiratory,FY17-Q1,774800,1630955,2.105001291,1/2/2017
ROCHE DIAGNOSTICS,ROCHE DIAGNOSTICS,NO VALUE,NO VALUE,FY17-Q1,1248048,0,0,1/2/2017
ROCHE DIAGNOSTICS,ROCHE DIAGNOSTICS,Medical,Monitoring - Personal,FY17-Q1,8278596,10267257,1.240217182,1/2/2017
RTX AS,PHILIPS MEDICAL SYSTEMS,Medical,Monitoring - Professional,FY17-Q1,0,179588,0,1/2/2017
SANMINA-SCI EDI,MISCELLANEOUS,Telecommunications,Other,FY17-Q1,44666,261755,5.860274034,1/2/2017
TEJAS NETWORKS LTD,TEJAS NETWORKS LTD,NO VALUE,NO VALUE,FY17-Q1,286736,0,0,1/2/2017
TEJAS NETWORKS LTD,TEJAS NETWORKS LTD,Telecommunications,Other,FY17-Q1,5583924,2573248,0.460831487,1/2/2017
THALES- AVIONICS,THALES- AVIONICS,Defense & Aerospace,"3C-Command, Control, & Comm.",FY17-Q1,275009,145072,0.5275172813,1/2/2017
WIPRO GE HEALTHCARE PVT LTD,GE HEALTHCARE,Medical,Other,FY17-Q1,1306386,968390,0.7412740186,1/2/2017
ATHER ENERGY PRIVATE LIMITED,ATHER ENERGY PRIVATE LIMITED,Automotive,Instrumentation,FY17-Q1,73244,184998,2.525776855,1/2/2017
BLOOM ENERGY,BLOOM ENERGY,Industrial & Semiconductors,Control & Process,FY17-Q1,143093,87685,0.6127832948,1/2/2017
BLOOM ENERGY,BLOOM ENERGY,Control & Process,Industrial & Semiconductors,FY17-Q1,1041,0,0,1/2/2017
BULL SA,BULL CORPORATION OF AMERICA,NO VALUE,NO VALUE,FY17-Q1,21500,0,0,1/2/2017
BULL SAS,BULL SAS,Enterprise Computing & Storage,Servers,FY17-Q1,2381720,2380983,0.9996905598,1/2/2017
BULL SAS,BULL SAS,NO VALUE,NO VALUE,FY17-Q1,10279,0,0,1/2/2017
GE HEALTHCARE,GE HEALTHCARE,Medical,Other,FY17-Q1,485127,943087,1.944000231,1/2/2017
GE HEALTHCARE,GE HEALTHCARE,NO VALUE,NO VALUE,FY17-Q1,791113,0,0,1/2/2017
KONE CORPORATION,KONE CORPORATION,Industrial & Semiconductors,Control & Process,FY17-Q1,0,4858,0,1/2/2017
"MEDTRONIC, INC.","MEDTRONIC, INC.",Medical,Diagnostic - Imaging - Other,FY17-Q1,0,-31819,0,1/2/2017
NETRONOME SYSTEMS,NETRONOME SYSTEMS,Data Communications,Other,FY17-Q1,0,1400,0,1/2/2017
NORTECH SYSTEMS,GE HEALTHCARE,Medical,Diagnostics,FY17-Q2,19942,19441,0.9748771437,4/3/2017
PHILIPS MEDICAL SYSTEMS,PHILIPS MEDICAL SYSTEMS,Medical,Monitoring - Professional,FY17-Q2,0,626659,0,4/3/2017
PHILIPS MEDICAL SYSTEMS,PHILIPS MEDICAL SYSTEMS,Medical,Therapeutic - Respiratory,FY17-Q2,0,1106496,0,4/3/2017
PHILIPS MEDICAL SYSTEMS,PHILIPS HEALTHCARE,Medical,Other,FY17-Q2,103332,0,0,4/3/2017
PHILIPS MEDICAL SYSTEMS,"PHILIPS ULTRASOUND, INC.",Telecommunications,Other,FY17-Q2,1018275,0,0,4/3/2017
PHILIPS MEDICAL SYSTEMS,"PHILIPS ULTRASOUND, INC.",Medical,Monitoring / Surgical,FY17-Q2,1147654,0,0,4/3/2017
PHILIPS MEDICAL SYSTEMS,PHILIPS MEDICAL SYSTEMS,Medical,Diagnostic - Imaging - Big Iron,FY17-Q2,0,355899,0,4/3/2017
PHILIPS MEDICAL SYSTEMS,PHILIPS MEDICAL SYSTEMS,NO VALUE,NO VALUE,FY17-Q2,2547570,310,0.0001216845857,4/3/2017
PHILIPS MEDICAL SYSTEMS,PHILIPS MEDICAL SYSTEMS,Medical,Diagnostic - Imaging - Ultrasound,FY17-Q2,0,13838618,0,4/3/2017
PHILIPS MEDICAL SYSTEMS,PHILIPS MEDICAL SYSTEMS,Medical,Diagnostics,FY17-Q2,1680046,0,0,4/3/2017
PHILIPS MEDICAL SYSTEMS,INVIVO CORPORATION,Medical,Diagnostics,FY17-Q2,102480,0,0,4/3/2017
PHILIPS MEDICAL SYSTEMS,PHILIPS MEDICAL SYSTEMS,Medical,Monitoring / Surgical,FY17-Q2,1076259,0,0,4/3/2017
PHILIPS MEDICAL SYSTEMS,"PHILIPS ULTRASOUND, INC.",NO VALUE,NO VALUE,FY17-Q2,35184,0,0,4/3/2017
PHILIPS MEDICAL SYSTEMS,PHILIPS MEDICAL SYSTEMS,Medical,Other,FY17-Q2,936966,0,0,4/3/2017
PHILIPS MEDICAL SYSTEMS,"PHILIPS ULTRASOUND, INC.",Medical,Other,FY17-Q2,33453,0,0,4/3/2017
ROCHE DIAGNOSTICS,ROCHE DIAGNOSTICS,NO VALUE,NO VALUE,FY17-Q2,2443096,0,0,4/3/2017
ROCHE DIAGNOSTICS,ROCHE DIAGNOSTICS,Medical,Monitoring / Surgical,FY17-Q2,7587396,0,0,4/3/2017
ROCHE DIAGNOSTICS,ROCHE DIAGNOSTICS,Medical,Monitoring - Personal,FY17-Q2,0,9858540,0,4/3/2017
SANMINA-SCI EDI,MISCELLANEOUS,Telecommunications,Other,FY17-Q2,38129,273620,7.176165124,4/3/2017
TEJAS NETWORKS LTD,TEJAS NETWORKS LTD,Other,Telecommunications,FY17-Q2,82475,0,0,4/3/2017
TEJAS NETWORKS LTD,TEJAS NETWORKS LTD,Telecommunications,Other,FY17-Q2,6530255,1316036,0.2015290368,4/3/2017
TEJAS NETWORKS LTD,TEJAS NETWORKS LTD,NO VALUE,NO VALUE,FY17-Q2,49634,0,0,4/3/2017
THALES- AVIONICS,THALES- AVIONICS,Defense & Aerospace,"3C-Command, Control, & Comm.",FY17-Q2,800,59480,74.35,4/3/2017
THALES- AVIONICS,THALES- AVIONICS,NO VALUE,NO VALUE,FY17-Q2,324414,0,0,4/3/2017
WIPRO GE HEALTHCARE PVT LTD,GE HEALTHCARE,Medical,Other,FY17-Q2,1267034,1283191,1.012751828,4/3/2017
TEJAS NETWORKS LTD,TEJAS NETWORKS LTD,Telecommunications,Other,FY17-Q2,368095,14746537,40.06176938,4/3/2017
WIPRO TECHNOLOGIES AUSTRIA GMBH,WIPRO TECHNOLOGIES AUSTRIA GMBH,Enterprise Computing & Storage,Servers,FY17-Q2,23188,29837,1.286743143,4/3/2017
SANMINA-SCI EDI,SANMINA-SCI EDI,NO VALUE,NO VALUE,FY17-Q2,2850,0,0,4/3/2017
NORTECH SYSTEMS,GE HEALTHCARE,Medical,Diagnostics,FY17-Q2,0,6450,0,4/3/2017
KONE CORPORATION,KONE ELEVATOR INDIA PRIVATE LTD,NO VALUE,NO VALUE,FY17-Q2,282411,0,0,4/3/2017
BULL SAS,BULL SAS,Enterprise Computing & Storage,Servers,FY17-Q2,620260,2518884,4.061013124,4/3/2017
GE HEALTHCARE,GE HEALTHCARE,NO VALUE,NO VALUE,FY17-Q2,741416,13,0.00001753401599,4/3/2017
ADVANCED MP TECHNOLOGY INC.,MISCELLANEOUS,Telecommunications,Other,FY17-Q2,0,-5496,0,4/3/2017
ECOPPIA SCIENTIFIC LTD,ECOPPIA SCIENTIFIC LTD,Industrial & Semiconductors,Other,FY17-Q2,463612,694611,1.49825932,4/3/2017
KONE CORPORATION,KONE CORPORATION,Industrial & Semiconductors,Control & Process,FY17-Q2,9171,831714,90.68956493,4/3/2017
"MEDTRONIC, INC.","MEDTRONIC, INC.",Medical,Diagnostics,FY17-Q2,130951,4474,0.0341654512,4/3/2017
TEJAS NETWORKS LTD,TEJAS NETWORKS LTD,NO VALUE,NO VALUE,FY17-Q2,12972840,0,0,4/3/2017
NETRONOME SYSTEMS,NETRONOME SYSTEMS,Data Communications,Other,FY17-Q3,0,50633,0,7/3/2017
GE HEALTHCARE,GE HEALTHCARE,Medical,Other,FY17-Q3,191377,511901,2.674830309,7/3/2017
LEAX GROUP AB,LEAX ARKIVATOR TELECOM AB,Wireless base stations,Telecommunications,FY17-Q3,1941084,0,0,7/3/2017
"MEDTRONIC, INC.","MEDTRONIC, INC.",NO VALUE,NO VALUE,FY17-Q3,0,15822,0,7/3/2017
MISSION ELECTRONICS INTERNATIONAL LIMITED,MISSION ELECTRONICS INTERNATIONAL LIMITED,Other,Telecommunications,FY17-Q3,1635,0,0,7/3/2017
NEC CORPORATION,NEC TECHNOLOGIES INDIA PRIVATE LIMITED,Telecommunications,Wireless base stations,FY17-Q3,388282,2115956,5.449534102,7/3/2017
WIPRO TECHNOLOGIES AUSTRIA GMBH,WIPRO TECHNOLOGIES AUSTRIA GMBH,Servers,Enterprise Computing & Storage,FY17-Q3,250,0,0,7/3/2017
ABB INC,ABB INC,Industrial & Semiconductors,Control & Process,FY17-Q3,34680,69129,1.9933391,7/3/2017
AMPHENOL,BULL SAS,Enterprise Computing & Storage,Enterprise,FY17-Q3,8269,13837,1.673358326,7/3/2017
WHISTLE LABS INC,WHISTLE LABS INC,Data Communications,Other,FY17-Q3,0,35047,0,7/3/2017
LEAX GROUP AB,LEAX GROUP AB,Telecommunications,Other,FY17-Q3,1684767,4523731,2.685078115,7/3/2017
KONE CORPORATION,KONE CORPORATION,NO VALUE,NO VALUE,FY17-Q3,283280,0,0,7/3/2017
PHILIPS MEDICAL SYSTEMS,PHILIPS MEDICAL SYSTEMS,Medical,Monitoring / Surgical,FY17-Q3,1145343,1818128,1.587409187,7/3/2017
PHILIPS MEDICAL SYSTEMS,PHILIPS MEDICAL SYSTEMS,Monitoring / Surgical,Medical,FY17-Q3,3059095,0,0,7/3/2017
SANMINA-SCI EDI,MISCELLANEOUS,Telecommunications,Other,FY17-Q3,1983370,1720966,0.8676979081,7/3/2017
PHILIPS MEDICAL SYSTEMS,PHILIPS MEDICAL SYSTEMS,NO VALUE,NO VALUE,FY17-Q3,420836,0,0,7/3/2017
NETRONOME SYSTEMS,NETRONOME SYSTEMS,NO VALUE,NO VALUE,FY17-Q3,315132,0,0,7/3/2017
LEAX GROUP AB,LEAX GROUP AB,NO VALUE,NO VALUE,FY17-Q3,130616,0,0,7/3/2017
MISCELLANEOUS,MISCELLANEOUS,NO VALUE,NO VALUE,FY17-Q3,446500,0,0,7/3/2017
BULL SAS,BULL SAS,Servers,Enterprise Computing & Storage,FY17-Q3,1063770,0,0,7/3/2017
NOKIA SOLUTIONS AND NETWORKS OY,NOKIA SOLUTIONS AND NETWORKS OY,Telecommunications,Other,FY17-Q3,23784,0,0,7/3/2017
WABCO INDIA LIMITED,WABCO INDIA LIMITED,Automotive,Instrumentation,FY17-Q3,1572001,1729433,1.100147519,7/3/2017
PHILIPS MEDICAL SYSTEMS,PHILIPS MEDICAL SYSTEMS,Medical,Other,FY17-Q3,0,363153,0,7/3/2017
ROCHE DIAGNOSTICS,ROCHE DIAGNOSTICS,Medical,Monitoring / Surgical,FY17-Q3,0,224773,0,7/3/2017
PHILIPS MEDICAL SYSTEMS,PHILIPS MEDICAL SYSTEMS,Medical,Diagnostics,FY17-Q3,0,844235,0,7/3/2017
WABCO INDIA LIMITED,WABCO INDIA LIMITED,Instrumentation,Automotive,FY17-Q3,12252,0,0,7/3/2017
NEC CORPORATION,NEC TECHNOLOGIES INDIA PRIVATE LIMITED,Wireless base stations,Telecommunications,FY17-Q3,1836189,0,0,7/3/2017
WIPRO GE HEALTHCARE PVT LTD,GE HEALTHCARE,Medical,Other,FY17-Q3,1209665,1423133,1.176468692,7/3/2017
ECOPPIA SCIENTIFIC LTD,ECOPPIA SCIENTIFIC LTD,Other,Industrial & Semiconductors,FY17-Q3,134318,0,0,7/3/2017
KANHATECH SOLUTIONS LIMITED,KANHATECH SOLUTIONS LIMITED,Multimedia,Other,FY17-Q3,72172,0,0,7/3/2017
NORTECH SYSTEMS,GE HEALTHCARE,Medical,Diagnostics,FY17-Q3,0,1808,0,7/3/2017
PHILIPS MEDICAL SYSTEMS,PHILIPS MEDICAL SYSTEMS,Medical,Monitoring / Surgical,FY17-Q3,50775,441935,8.703791236,7/3/2017
TEJAS NETWORKS LTD,TEJAS NETWORKS LTD,NO VALUE,NO VALUE,FY17-Q4,5241412,0,0,10/2/2017
BULL SAS,BULL SAS,NO VALUE,NO VALUE,FY17-Q4,8138,0,0,10/2/2017
BULL SAS,BULL SAS,Enterprise Computing & Storage,Servers,FY17-Q4,5993596,2183695,0.3643380368,10/2/2017
LEAX GROUP AB,LEAX ARKIVATOR TELECOM AB,Wireless base stations,Telecommunications,FY17-Q4,1385172,0,0,10/2/2017
KANHATECH SOLUTIONS LIMITED,KANHATECH SOLUTIONS LIMITED,Multimedia,Other,FY17-Q4,71240,97629,1.370423919,10/2/2017
ABB INC,ABB INC,Industrial & Semiconductors,Control & Process,FY17-Q4,231,118256,511.9307359,10/2/2017
GE HEALTHCARE,GE HEALTHCARE,NO VALUE,NO VALUE,FY17-Q4,406073,0,0,10/2/2017
NEC CORPORATION,NEC TECHNOLOGIES INDIA PRIVATE LIMITED,Wireless base stations,Telecommunications,FY17-Q4,1404867,0,0,10/2/2017
WIPRO TECHNOLOGIES AUSTRIA GMBH,WIPRO TECHNOLOGIES AUSTRIA GMBH,Servers,Enterprise Computing & Storage,FY17-Q4,5473,0,0,10/2/2017
PHILIPS MEDICAL SYSTEMS,PHILIPS MEDICAL SYSTEMS,Monitoring / Surgical,Medical,FY17-Q4,5138235,0,0,10/2/2017
SANMINA-SCI EDI,SANMINA-SCI EDI,Telecommunications,Other,FY17-Q4,555342,0,0,10/2/2017
PHILIPS MEDICAL SYSTEMS,PHILIPS MEDICAL SYSTEMS,NO VALUE,NO VALUE,FY17-Q4,855275,0,0,10/2/2017
TEJAS NETWORKS LTD,TEJAS NETWORKS LTD,Telecommunications,Other,FY17-Q4,628502,5909567,9.402622426,10/2/2017
NEC CORPORATION,NEC TECHNOLOGIES INDIA PRIVATE LIMITED,Telecommunications,Wireless base stations,FY17-Q4,130634,1529959,11.71179785,10/2/2017
NETRONOME SYSTEMS,NETRONOME SYSTEMS,NO VALUE,NO VALUE,FY17-Q4,479653,0,0,10/2/2017
WIPRO TECHNOLOGIES AUSTRIA GMBH,WIPRO TECHNOLOGIES AUSTRIA GMBH,Enterprise Computing & Storage,Servers,FY17-Q4,786,69726,88.70992366,10/2/2017
CYIENT DLM PVT LTD,MISCELLANEOUS,Telecommunications,Other,FY17-Q4,0,41997,0,10/2/2017
PHILIPS MEDICAL SYSTEMS,PHILIPS MEDICAL SYSTEMS,Medical,Other,FY17-Q4,297312,664740,2.235833064,10/2/2017
TEJAS NETWORKS LTD,TEJAS NETWORKS LTD,Other,Telecommunications,FY17-Q4,2613,0,0,10/2/2017
KONE CORPORATION,KONE CORPORATION,Industrial & Semiconductors,Control & Process,FY17-Q4,135613,974339,7.184702057,10/2/2017
BULL SAS,BULL SAS,Servers,Enterprise Computing & Storage,FY17-Q4,32586,0,0,10/2/2017
PHILIPS MEDICAL SYSTEMS,PHILIPS MEDICAL SYSTEMS,Medical,Diagnostics,FY17-Q4,2621648,3117549,1.18915621,10/2/2017
LEAX GROUP AB,LEAX GROUP AB,Telecommunications,Other,FY17-Q4,1073714,3786974,3.526985771,10/2/2017
WIPRO GE HEALTHCARE PVT LTD,GE HEALTHCARE,Medical,Other,FY17-Q4,1358892,1577600,1.160945829,10/2/2017
KONE CORPORATION,KONE CORPORATION,NO VALUE,NO VALUE,FY17-Q4,263225,0,0,10/2/2017
SANMINA-SCI EDI,MISCELLANEOUS,Telecommunications,Other,FY17-Q4,1551989,1704330,1.098158557,10/2/2017
WABCO INDIA LIMITED,WABCO INDIA LIMITED,Automotive,Instrumentation,FY17-Q4,1633988,1556627,0.9526550991,10/2/2017
NETRONOME SYSTEMS,NETRONOME SYSTEMS,Data Communications,Other,FY17-Q4,0,207312,0,10/2/2017
MISCELLANEOUS,MISCELLANEOUS,NO VALUE,NO VALUE,FY17-Q4,460335,0,0,10/2/2017
"MEDTRONIC, INC.","MEDTRONIC, INC.",Medical,Diagnostics,FY17-Q4,130951,-6863,-0.05240891631,10/2/2017
ROCHE DIAGNOSTICS,ROCHE DIAGNOSTICS,Medical,Monitoring / Surgical,FY17-Q4,220536,522700,2.370134581,10/2/2017
GE HEALTHCARE,GE HEALTHCARE,Medical,Other,FY17-Q4,163976,414658,2.528772503,10/2/2017
KONE CORPORATION,KONE ELEVATOR INDIA PRIVATE LTD,NO VALUE,NO VALUE,FY17-Q4,326423,0,0,10/2/2017
WABCO INDIA LIMITED,WABCO INDIA LIMITED,Instrumentation,Automotive,FY17-Q4,6822,0,0,10/2/2017
LEAX GROUP AB,LEAX GROUP AB,NO VALUE,NO VALUE,FY17-Q4,91087,0,0,10/2/2017
WABCO INDIA LIMITED,WABCO INDIA LIMITED,Automotive,Instrumentation,FY17-Q4,1303744,1680287,1.28881667,10/2/2017
CYIENT DLM PVT LTD,MISCELLANEOUS,Telecommunications,Other,FY18-Q1,0,111205,0,1/1/2018
KONE CORPORATION,KONE CORPORATION,Industrial & Semiconductors,Control & Process,FY18-Q1,237142,1273990,5.372266406,1/1/2018
PHILIPS MEDICAL SYSTEMS,PHILIPS MEDICAL SYSTEMS,NO VALUE,NO VALUE,FY18-Q1,2927308,0,0,1/1/2018
WIPRO TECHNOLOGIES AUSTRIA GMBH,WIPRO TECHNOLOGIES AUSTRIA GMBH,Servers,Enterprise Computing & Storage,FY18-Q1,5329,0,0,1/1/2018
KONE CORPORATION,KONE CORPORATION,NO VALUE,NO VALUE,FY18-Q1,489386,0,0,1/1/2018
BULL SAS,BULL SAS,Enterprise Computing & Storage,Servers,FY18-Q1,5833220,3204799,0.5494047884,1/1/2018
WABCO INDIA LIMITED,WABCO INDIA LIMITED,Instrumentation,Automotive,FY18-Q1,85126,0,0,1/1/2018
LEAX GROUP AB,LEAX GROUP AB,NO VALUE,NO VALUE,FY18-Q1,22644,0,0,1/1/2018
LEAX GROUP AB,LEAX GROUP AB,Telecommunications,Other,FY18-Q1,3995700,5144411,1.287486798,1/1/2018
WIPRO GE HEALTHCARE PVT LTD,GE HEALTHCARE,Medical,Other,FY18-Q1,1162229,1490467,1.282421106,1/1/2018
SANMINA-SCI EDI,MISCELLANEOUS,Telecommunications,Other,FY18-Q1,1663532,2009171,1.207774182,1/1/2018
PHILIPS MEDICAL SYSTEMS,PHILIPS MEDICAL SYSTEMS,Medical,Other,FY18-Q1,220395,515441,2.338714581,1/1/2018
ABB INC,ABB INC,Industrial & Semiconductors,Control & Process,FY18-Q1,0,10599,0,1/1/2018
TEJAS NETWORKS LTD,TEJAS NETWORKS LTD,Other,Telecommunications,FY18-Q1,21540,0,0,1/1/2018
SANMINA-SCI EDI,SANMINA-SCI EDI,Telecommunications,Other,FY18-Q1,351232,0,0,1/1/2018
ROCHE DIAGNOSTICS,ROCHE DIAGNOSTICS,Medical,Monitoring / Surgical,FY18-Q1,506016,596376,1.178571429,1/1/2018
NOKIA SOLUTIONS AND NETWORKS OY,NOKIA SOLUTIONS AND NETWORKS OY,Telecommunications,Other,FY18-Q1,0,5887108,0,1/1/2018
BULL SAS,BULL SAS,Servers,Enterprise Computing & Storage,FY18-Q1,949262,0,0,1/1/2018
TEJAS NETWORKS LTD,TEJAS NETWORKS LTD,Telecommunications,Other,FY18-Q1,602978,3111332,5.159942817,1/1/2018
WIPRO TECHNOLOGIES AUSTRIA GMBH,WIPRO TECHNOLOGIES AUSTRIA GMBH,Enterprise Computing & Storage,Servers,FY18-Q1,30616,30827,1.006891821,1/1/2018
NETRONOME SYSTEMS,NETRONOME SYSTEMS,Data Communications,Other,FY18-Q1,0,83380,0,1/1/2018
GE HEALTHCARE,GE HEALTHCARE,NO VALUE,NO VALUE,FY18-Q1,626447,6632,0.0105866897,1/1/2018
TEJAS NETWORKS LTD,TEJAS NETWORKS LTD,NO VALUE,NO VALUE,FY18-Q1,2880485,0,0,1/1/2018
PHILIPS MEDICAL SYSTEMS,PHILIPS MEDICAL SYSTEMS,Monitoring / Surgical,Medical,FY18-Q1,5603521,0,0,1/1/2018
NETRONOME SYSTEMS,NETRONOME SYSTEMS,NO VALUE,NO VALUE,FY18-Q1,14272,0,0,1/1/2018
PHILIPS MEDICAL SYSTEMS,PHILIPS MEDICAL SYSTEMS,Medical,Monitoring / Surgical,FY18-Q1,114338,1666370,14.57406986,1/1/2018
PHILIPS MEDICAL SYSTEMS,PHILIPS MEDICAL SYSTEMS,Medical,Diagnostics,FY18-Q1,2352762,2439097,1.036695169,1/1/2018
NORTECH SYSTEMS,GE HEALTHCARE,Medical,Diagnostics,FY18-Q1,5892,5212,0.8845892736,1/1/2018
MISCELLANEOUS,MISCELLANEOUS,NO VALUE,NO VALUE,FY18-Q1,108864,0,0,1/1/2018
KONE CORPORATION,KONE ELEVATOR INDIA PRIVATE LTD,NO VALUE,NO VALUE,FY18-Q1,130945,0,0,1/1/2018
GE HEALTHCARE,GE HEALTHCARE,Medical,Other,FY18-Q1,283637,543931,1.917701146,1/1/2018
WABCO INDIA LIMITED,WABCO INDIA LIMITED,Automotive,Instrumentation,FY18-Q1,1215857,1933612,1.590328468,1/1/2018
PHILIPS MEDICAL SYSTEMS,PHILIPS MEDICAL SYSTEMS,Medical,Diagnostics,FY18-Q1,1559640,3812362,2.444385884,1/1/2018
KONE CORPORATION,KONE ELEVATOR INDIA PRIVATE LTD,NO VALUE,NO VALUE,FY18-Q1,378494,0,0,1/1/2018
SANMINA-SCI EDI,MISCELLANEOUS,Telecommunications,Other,FY18-Q1,1406376,2023764,1.438992133,1/1/2018
LEAX GROUP AB,LEAX GROUP AB,Telecommunications,Other,FY18-Q1,479091,229812,0.4796834004,1/1/2018
CYIENT DLM PVT LTD,MISCELLANEOUS,Telecommunications,Other,FY18-Q1,211,27715,131.3507109,1/1/2018
LEAX GROUP AB,LEAX ARKIVATOR TELECOM AB,Wireless base stations,Telecommunications,FY18-Q1,4446314,0,0,1/1/2018
TEJAS NETWORKS LTD,TEJAS NETWORKS LTD,Telecommunications,Other,FY18-Q1,642632,1948540,3.032124139,1/1/2018
NEC CORPORATION,NEC TECHNOLOGIES INDIA PRIVATE LIMITED,Telecommunications,Wireless base stations,FY18-Q1,747871,740833,0.9905892861,1/1/2018
AMPHENOL,BULL SAS,Enterprise Computing & Storage,Enterprise,FY18-Q2,2233,2223,0.9955217197,4/2/2018
NOKIA SOLUTIONS AND NETWORKS OY,NOKIA SOLUTIONS AND NETWORKS INDIA PRIVATE LIMITED,NO VALUE,NO VALUE,FY18-Q2,7188752,0,0,4/2/2018
PHILIPS MEDICAL SYSTEMS,INVIVO CORPORATION,NO VALUE,NO VALUE,FY18-Q2,105298,0,0,4/2/2018
BULL SAS,BULL SAS,Servers,Enterprise Computing & Storage,FY18-Q2,265,0,0,4/2/2018
KONE CORPORATION,KONE CORPORATION,Industrial & Semiconductors,Control & Process,FY18-Q2,71417,977503,13.68725934,4/2/2018
TEJAS NETWORKS LTD,TEJAS NETWORKS LTD,Other,Telecommunications,FY18-Q2,15170,0,0,4/2/2018
TEJAS NETWORKS LTD,TEJAS NETWORKS LTD,NO VALUE,NO VALUE,FY18-Q2,3353592,0,0,4/2/2018
LEAX GROUP AB,LEAX GROUP AB,NO VALUE,NO VALUE,FY18-Q2,448741,0,0,4/2/2018
GE HEALTHCARE,GE HEALTHCARE,NO VALUE,NO VALUE,FY18-Q2,669660,0,0,4/2/2018
PHILIPS MEDICAL SYSTEMS,PHILIPS MEDICAL SYSTEMS,Monitoring / Surgical,Medical,FY18-Q2,6141250,0,0,4/2/2018
PHILIPS MEDICAL SYSTEMS,PHILIPS MEDICAL SYSTEMS,Medical,Other,FY18-Q2,261016,520143,1.992762896,4/2/2018
WABCO INDIA LIMITED,WABCO INDIA LIMITED,Instrumentation,Automotive,FY18-Q2,245047,0,0,4/2/2018
GE HEALTHCARE,GE HEALTHCARE,Medical,Other,FY18-Q2,310641,521068,1.677396094,4/2/2018
SANMINA-SCI EDI,SANMINA-SCI EDI,Telecommunications,Other,FY18-Q2,124425,0,0,4/2/2018
KONE CORPORATION,KONE CORPORATION,NO VALUE,NO VALUE,FY18-Q2,379847,0,0,4/2/2018
BULL SAS,BULL SAS,Enterprise Computing & Storage,Servers,FY18-Q2,6198326,2992143,0.4827340479,4/2/2018
"MEDTRONIC, INC.","MEDTRONIC, INC.",Medical,Diagnostics,FY18-Q2,130951,0,0,4/2/2018
WIPRO GE HEALTHCARE PVT LTD,GE HEALTHCARE,Medical,Other,FY18-Q2,795857,970739,1.219740481,4/2/2018
PHILIPS MEDICAL SYSTEMS,PHILIPS MEDICAL SYSTEMS,NO VALUE,NO VALUE,FY18-Q2,6046517,0,0,4/2/2018
NORTECH SYSTEMS,GE HEALTHCARE,Medical,Diagnostics,FY18-Q2,0,15599,0,4/2/2018
NETRONOME SYSTEMS,NETRONOME SYSTEMS,Data Communications,Other,FY18-Q2,419779,419301,0.9988613056,4/2/2018
WIPRO TECHNOLOGIES AUSTRIA GMBH,WIPRO TECHNOLOGIES AUSTRIA GMBH,Enterprise Computing & Storage,Servers,FY18-Q2,118803,69425,0.584370765,4/2/2018
ROCHE DIAGNOSTICS,ROCHE DIAGNOSTICS,Medical,Monitoring / Surgical,FY18-Q2,614448,696006,1.132733771,4/2/2018
PHILIPS MEDICAL SYSTEMS,PHILIPS MEDICAL SYSTEMS,Medical,Monitoring / Surgical,FY18-Q2,377308,5649078,14.97205996,4/2/2018
NOKIA SOLUTIONS AND NETWORKS OY,NOKIA SOLUTIONS AND NETWORKS OY,Telecommunications,Other,FY18-Q2,4888925,15992712,3.271212383,4/2/2018
PHILIPS MEDICAL SYSTEMS,"RESPIRONICS, INC.",Medical,Diagnostics,FY18-Q2,4647,0,0,4/2/2018
DERF ELECTRONICS CORP,MISCELLANEOUS,Telecommunications,Other,FY18-Q2,0,6760,0,4/2/2018
KONE CORPORATION,KONE ELEVATOR INDIA PRIVATE LTD,NO VALUE,NO VALUE,FY18-Q2,255981,0,0,4/2/2018
PHILIPS MEDICAL SYSTEMS,PHILIPS MEDICAL SYSTEMS,Medical,Diagnostics,FY18-Q2,2564487,4771936,1.860776054,4/2/2018
BULL SAS,BULL SAS,Servers,Enterprise Computing & Storage,FY18-Q2,275,0,0,4/2/2018
WIPRO GE HEALTHCARE PVT LTD,GE HEALTHCARE,Medical,Other,FY18-Q2,1083595,1223262,1.128892252,4/2/2018
NEC CORPORATION,NEC TECHNOLOGIES INDIA PRIVATE LIMITED,Telecommunications,Wireless base stations,FY18-Q2,0,347427,0,4/2/2018
PHILIPS MEDICAL SYSTEMS,PHILIPS MEDICAL SYSTEMS,Monitoring / Surgical,Medical,FY18-Q2,6112811,0,0,4/2/2018
SANMINA-SCI EDI,MISCELLANEOUS,Telecommunications,Other,FY18-Q2,2026509,1852074,0.9139234023,4/2/2018
LEAX GROUP AB,LEAX GROUP AB,Telecommunications,Other,FY18-Q2,491124,405852,0.8263737875,4/2/2018
KONE CORPORATION,KONE CORPORATION,NO VALUE,NO VALUE,FY18-Q2,385056,0,0,4/2/2018
TEJAS NETWORKS LTD,TEJAS NETWORKS LTD,Telecommunications,Other,FY18-Q2,3128680,5243996,1.676104939,4/2/2018
MISCELLANEOUS,MISCELLANEOUS,NO VALUE,NO VALUE,FY18-Q2,111946,0,0,4/2/2018
NORTECH SYSTEMS,GE HEALTHCARE,Medical,Diagnostics,FY18-Q2,6488,11446,1.764180025,4/2/2018
WABCO INDIA LIMITED,WABCO INDIA LIMITED,Instrumentation,Automotive,FY18-Q2,1486716,0,0,4/2/2018
WIPRO TECHNOLOGIES AUSTRIA GMBH,WIPRO TECHNOLOGIES AUSTRIA GMBH,Enterprise Computing & Storage,Servers,FY18-Q3,66285,1849,0.02789469714,7/2/2018
SFO TECHNOLOGIES PVT LTD,MISCELLANEOUS,Telecommunications,Other,FY18-Q3,18463,18463,1,7/2/2018
PHILIPS MEDICAL SYSTEMS,"RESPIRONICS, INC.",Medical,Diagnostics,FY18-Q3,11612,0,0,7/2/2018
PHILIPS MEDICAL SYSTEMS,PHILIPS MEDICAL SYSTEMS,NO VALUE,NO VALUE,FY18-Q3,6561904,0,0,7/2/2018
LEAX GROUP AB,LEAX ARKIVATOR TELECOM AB,Wireless base stations,Telecommunications,FY18-Q3,2385452,0,0,7/2/2018
CYIENT DLM PVT LTD,MISCELLANEOUS,Telecommunications,Other,FY18-Q3,0,3474,0,7/2/2018
TEJAS NETWORKS LTD,TEJAS NETWORKS LTD,NO VALUE,NO VALUE,FY18-Q3,2319843,0,0,7/2/2018
TEJAS NETWORKS LTD,TEJAS NETWORKS LTD,Other,Telecommunications,FY18-Q3,7122,0,0,7/2/2018
PHILIPS MEDICAL SYSTEMS,PHILIPS MEDICAL SYSTEMS,Medical,Monitoring / Surgical,FY18-Q3,267278,5086434,19.03050008,7/2/2018
NOKIA SOLUTIONS AND NETWORKS OY,NOKIA SOLUTIONS AND NETWORKS INDIA PRIVATE LIMITED,NO VALUE,NO VALUE,FY18-Q3,12504001,0,0,7/2/2018
GE HEALTHCARE,GE HEALTHCARE,NO VALUE,NO VALUE,FY18-Q3,481275,0,0,7/2/2018
SANMINA-SCI EDI,SANMINA-SCI EDI,Telecommunications,Other,FY18-Q3,152040,0,0,7/2/2018
KONE CORPORATION,KONE CORPORATION,Industrial & Semiconductors,Control & Process,FY18-Q3,24440,625435,25.59063011,7/2/2018
BULL SAS,BULL SAS,Enterprise Computing & Storage,Servers,FY18-Q3,7510022,3898332,0.5190839654,7/2/2018
KONE CORPORATION,KONE ELEVATOR INDIA PRIVATE LTD,Industrial & Semiconductors,Control & Process,FY18-Q3,937,0,0,7/2/2018
WIPRO TECHNOLOGIES AUSTRIA GMBH,WIPRO TECHNOLOGIES AUSTRIA GMBH,Servers,Enterprise Computing & Storage,FY18-Q3,4723,0,0,7/2/2018
NETRONOME SYSTEMS,NETRONOME SYSTEMS,Data Communications,Other,FY18-Q3,43641,43802,1.003689191,7/2/2018
LEAX GROUP AB,LEAX GROUP AB,NO VALUE,NO VALUE,FY18-Q3,91486,0,0,7/2/2018
NOKIA SOLUTIONS AND NETWORKS OY,NOKIA SOLUTIONS AND NETWORKS OY,Telecommunications,Other,FY18-Q3,544193,10197604,18.7389474,7/2/2018
GE HEALTHCARE,GE HEALTHCARE,Medical,Other,FY18-Q3,429963,716911,1.667378356,7/2/2018
PHILIPS MEDICAL SYSTEMS,PHILIPS MEDICAL SYSTEMS,Medical,Other,FY18-Q3,408325,366045,0.8964550297,7/2/2018
ROCHE DIAGNOSTICS,ROCHE DIAGNOSTICS,Medical,Monitoring / Surgical,FY18-Q3,503496,395604,0.7857142857,7/2/2018
"MEDTRONIC, INC.","MEDTRONIC, INC.",Medical,Diagnostics,FY18-Q3,130951,13417,0.1024581714,7/2/2018
WABCO INDIA LIMITED,WABCO INDIA LIMITED,Automotive,Instrumentation,FY18-Q3,475338,1997193,4.201627053,7/2/2018
PHILIPS MEDICAL SYSTEMS,INVIVO CORPORATION,NO VALUE,NO VALUE,FY18-Q3,1758,0,0,7/2/2018
PHILIPS MEDICAL SYSTEMS,PHILIPS INDIA LIMITED,Medical,Monitoring / Surgical,FY18-Q3,699,0,0,7/2/2018
ATHER ENERGY PRIVATE LIMITED,ATHER ENERGY PRIVATE LIMITED,Automotive,Instrumentation,FY18-Q3,0,171600,0,7/2/2018
NORTECH SYSTEMS,GE HEALTHCARE,Medical,Diagnostics,FY18-Q3,9347,13953,1.492778432,7/2/2018
PHILIPS MEDICAL SYSTEMS,PHILIPS MEDICAL SYSTEMS,Medical,Monitoring / Surgical,FY18-Q3,155788,4949901,31.77331373,7/2/2018
"MEDTRONIC, INC.","MEDTRONIC, INC.",Medical,Diagnostics,FY18-Q3,121414,3451,0.02842341081,7/2/2018
BULL SAS,BULL SAS,Servers,Enterprise Computing & Storage,FY18-Q3,14904,0,0,7/2/2018
LEAX GROUP AB,LEAX GROUP AB,Telecommunications,Other,FY18-Q3,489942,581903,1.187697727,7/2/2018
WABCO INDIA LIMITED,WABCO INDIA LIMITED,NO VALUE,NO VALUE,FY18-Q3,1953870,0,0,7/2/2018
KONE CORPORATION,KONE ELEVATOR INDIA PRIVATE LTD,Industrial & Semiconductors,Control & Process,FY18-Q3,10414,0,0,7/2/2018
LEAX GROUP AB,LEAX GROUP AB,Telecommunications,Wireless base stations,FY18-Q3,0,2393087,0,7/2/2018
BULL SAS,BULL SAS,Enterprise Computing & Storage,Servers,FY18-Q3,3972468,3256388,0.8197392654,7/2/2018
SANMINA-SCI EDI,SANMINA-SCI EDI,Telecommunications,Other,FY18-Q3,429284,0,0,7/2/2018
ROCHE DIAGNOSTICS,ROCHE DIAGNOSTICS,Medical,Monitoring / Surgical,FY18-Q3,575424,2409570,4.187468719,7/2/2018
NETRONOME SYSTEMS,NETRONOME SYSTEMS,Data Communications,Other,FY18-Q3,0,-228815,0,7/2/2018
PHILIPS MEDICAL SYSTEMS,PHILIPS MEDICAL SYSTEMS,Medical,Other,FY18-Q4,28273,48376,1.711031726,10/1/2018
ATHER ENERGY PRIVATE LIMITED,ATHER ENERGY PRIVATE LIMITED,Automotive,Instrumentation,FY18-Q4,149780,123425,0.8240419282,10/1/2018
CYIENT DLM PVT LTD,MISCELLANEOUS,Telecommunications,Other,FY18-Q4,0,13155,0,10/1/2018
BULL SA,BULL CORPORATION OF AMERICA,NO VALUE,NO VALUE,FY18-Q4,649,0,0,10/1/2018
SANMINA-SCI EDI,NO VALUE,NO VALUE,NO VALUE,FY18-Q4,0,-85844,0,10/1/2018
PHILIPS MEDICAL SYSTEMS,"PHILIPS ULTRASOUND, INC.",Medical,Monitoring / Surgical,FY18-Q4,106503,0,0,10/1/2018
NOKIA SOLUTIONS AND NETWORKS OY,NOKIA SOLUTIONS AND NETWORKS OY,Telecommunications,Other,FY18-Q4,0,-35289,0,10/1/2018
PHILIPS MEDICAL SYSTEMS,PHILIPS MEDICAL SYSTEMS,NO VALUE,NO VALUE,FY18-Q4,2700524,0,0,10/1/2018
MISCELLANEOUS,MISCELLANEOUS,NO VALUE,NO VALUE,FY18-Q4,1675849,0,0,10/1/2018
GE HEALTHCARE,GE HEALTHCARE,NO VALUE,NO VALUE,FY18-Q4,515112,0,0,10/1/2018
KONE CORPORATION,KONE CORPORATION,Industrial & Semiconductors,Control & Process,FY18-Q4,45348,626724,13.82032284,10/1/2018
TEJAS NETWORKS LTD,TEJAS NETWORKS LTD,Other,Telecommunications,FY18-Q4,36517,0,0,10/1/2018
PHILIPS MEDICAL SYSTEMS,PHILIPS MEDICAL SYSTEMS,Monitoring / Surgical,Medical,FY18-Q4,1957289,0,0,10/1/2018
PHILIPS MEDICAL SYSTEMS,"PHILIPS ULTRASOUND, INC.",NO VALUE,NO VALUE,FY18-Q4,21775,0,0,10/1/2018
KONE CORPORATION,KONE ELEVATOR INDIA PRIVATE LTD,NO VALUE,NO VALUE,FY18-Q4,204191,0,0,10/1/2018
WIPRO TECHNOLOGIES AUSTRIA GMBH,WIPRO TECHNOLOGIES AUSTRIA GMBH,Enterprise Computing & Storage,Servers,FY18-Q4,69694,0,0,10/1/2018
GE HEALTHCARE,GE HEALTHCARE,Medical,Other,FY18-Q4,411732,722012,1.753597,10/1/2018
AMPHENOL,BULL SAS,Enterprise Computing & Storage,Enterprise,FY18-Q4,2233,2223,0.9955217197,10/1/2018
TEJAS NETWORKS LTD,TEJAS NETWORKS LTD,NO VALUE,NO VALUE,FY18-Q4,8347124,0,0,10/1/2018
TEJAS NETWORKS LTD,TEJAS NETWORKS LTD,Telecommunications,Other,FY18-Q4,3952242,8299512,2.099950357,10/1/2018
WIPRO GE HEALTHCARE PVT LTD,GE HEALTHCARE,Medical,Other,FY18-Q4,757225,1241652,1.63973984,10/1/2018
WABCO INDIA LIMITED,WABCO INDIA LIMITED,Automotive,Instrumentation,FY18-Q4,732168,2850202,3.892825144,10/1/2018
FLEXTRONICS,MISCELLANEOUS,Telecommunications,Other,FY18-Q4,0,369606,0,10/1/2018
SANMINA-SCI EDI,MISCELLANEOUS,Telecommunications,Other,FY18-Q4,999845,1027991,1.028150363,10/1/2018
PHILIPS MEDICAL SYSTEMS,"RESPIRONICS, INC.",Medical,Diagnostics,FY18-Q4,198481,0,0,10/1/2018
PHILIPS MEDICAL SYSTEMS,PHILIPS MEDICAL SYSTEMS,Medical,Diagnostics,FY18-Q4,1731577,3718444,2.147432081,10/1/2018
KONE CORPORATION,KONE CORPORATION,NO VALUE,NO VALUE,FY18-Q4,238543,0,0,10/1/2018
LEAX GROUP AB,LEAX GROUP AB,NO VALUE,NO VALUE,FY18-Q4,808114,0,0,10/1/2018
WIPRO TECHNOLOGIES AUSTRIA GMBH,WIPRO TECHNOLOGIES AUSTRIA GMBH,Enterprise Computing & Storage,Servers,FY18-Q4,68942,14613,0.2119607786,10/1/2018
PHILIPS MEDICAL SYSTEMS,PHILIPS MEDICAL SYSTEMS,NO VALUE,NO VALUE,FY18-Q4,4832187,0,0,10/1/2018
TEJAS NETWORKS LTD,TEJAS NETWORKS LTD,NO VALUE,NO VALUE,FY18-Q4,973063,0,0,10/1/2018
PHILIPS MEDICAL SYSTEMS,"PHILIPS ULTRASOUND, INC.",Medical,Monitoring / Surgical,FY18-Q4,2244590,0,0,10/1/2018
TEJAS NETWORKS LTD,TEJAS NETWORKS LTD,Telecommunications,Other,FY18-Q4,8187480,5542222,0.6769142642,10/1/2018
WABCO INDIA LIMITED,WABCO INDIA LIMITED,NO VALUE,NO VALUE,FY18-Q4,1301496,0,0,10/1/2018
BULL SAS,BULL SAS,Servers,Enterprise Computing & Storage,FY18-Q4,23142,0,0,10/1/2018
PHILIPS MEDICAL SYSTEMS,"RESPIRONICS, INC.",Medical,Diagnostics,FY18-Q4,6408,0,0,10/1/2018
MISCELLANEOUS,MISCELLANEOUS,NO VALUE,NO VALUE,FY18-Q4,1042956,0,0,10/1/2018
DERF ELECTRONICS CORP,MISCELLANEOUS,Telecommunications,Other,FY19-Q1,0,605,0,1/7/2019
PHILIPS MEDICAL SYSTEMS,PHILIPS MEDICAL SYSTEMS,Medical,Other,FY19-Q1,7519,11857,1.576938423,1/7/2019
NETRONOME SYSTEMS,NETRONOME SYSTEMS,Data Communications,Other,FY19-Q1,0,1542,0,1/7/2019
WABCO INDIA LIMITED,WABCO INDIA LIMITED,Automotive,Instrumentation,FY19-Q1,407696,2151675,5.277645599,1/7/2019
KONE CORPORATION,KONE CORPORATION,NO VALUE,NO VALUE,FY19-Q1,691,0,0,1/7/2019
ROCHE DIAGNOSTICS,ROCHE DIAGNOSTICS,Medical,Monitoring / Surgical,FY19-Q1,1510488,2672676,1.769412269,1/7/2019
SANMINA-SCI EDI,SANMINA-SCI EDI,Medical,Other,FY19-Q1,1736915,0,0,1/7/2019
LEAX GROUP AB,LEAX GROUP AB,Telecommunications,Wireless base stations,FY19-Q1,4914,92343,18.79181929,1/7/2019
WIPRO GE HEALTHCARE PVT LTD,GE HEALTHCARE,Medical,Other,FY19-Q1,1442430,1694613,1.174832054,1/7/2019
BULL SAS,BULL SAS,Enterprise Computing & Storage,Servers,FY19-Q1,4816710,3488537,0.7242572212,1/7/2019
ROCHE DIAGNOSTICS,ROCHE DIAGNOSTICS,NO VALUE,NO VALUE,FY19-Q1,68169,0,0,1/7/2019
TEJAS NETWORKS LTD,TEJAS NETWORKS LTD,Other,Telecommunications,FY19-Q1,15007,0,0,1/7/2019
GE HEALTHCARE,GE HEALTHCARE,Medical,Other,FY19-Q1,569153,728814,1.280523866,1/7/2019
BULL SA,BULL CORPORATION OF AMERICA,NO VALUE,NO VALUE,FY19-Q1,6,0,0,1/7/2019
PHILIPS MEDICAL SYSTEMS,PHILIPS MEDICAL SYSTEMS,Medical,Diagnostics,FY19-Q1,2355942,3467582,1.471845232,1/7/2019
PHILIPS MEDICAL SYSTEMS,PHILIPS MEDICAL SYSTEMS,Medical,Monitoring / Surgical,FY19-Q1,172651,7416536,42.95680882,1/7/2019
FLEXTRONICS,MISCELLANEOUS,Telecommunications,Other,FY19-Q1,330046,298707,0.9050465693,1/7/2019
NORTECH SYSTEMS,GE HEALTHCARE,Medical,Diagnostics,FY19-Q1,5113,4944,0.9669469978,1/7/2019
KONE CORPORATION,KONE CORPORATION,Industrial & Semiconductors,Control & Process,FY19-Q1,20031,837231,41.79676501,1/7/2019
PHILIPS MEDICAL SYSTEMS,INVIVO CORPORATION,NO VALUE,NO VALUE,FY19-Q1,8494,0,0,1/7/2019
ATHER ENERGY PRIVATE LIMITED,ATHER ENERGY PRIVATE LIMITED,Automotive,Instrumentation,FY19-Q1,183307,343602,1.874461968,1/7/2019
SANMINA-SCI EDI,NO VALUE,NO VALUE,NO VALUE,FY19-Q1,0,6381,0,1/7/2019
ATHER ENERGY PRIVATE LIMITED,ATHER ENERGY PRIVATE LIMITED,Instrumentation,Automotive,FY19-Q1,10439,0,0,1/7/2019
KONE CORPORATION,KONE ELEVATOR INDIA PRIVATE LTD,NO VALUE,NO VALUE,FY19-Q1,777485,0,0,1/7/2019
NOKIA SOLUTIONS AND NETWORKS OY,NOKIA SOLUTIONS AND NETWORKS OY,Telecommunications,Other,FY19-Q1,0,1427,0,1/7/2019
PHILIPS MEDICAL SYSTEMS,"PHILIPS ULTRASOUND, INC.",NO VALUE,NO VALUE,FY19-Q1,274409,0,0,1/7/2019
SANMINA-SCI EDI,MISCELLANEOUS,Telecommunications,Other,FY19-Q1,605345,2431454,4.01664175,1/7/2019
CYIENT DLM PVT LTD,MISCELLANEOUS,Telecommunications,Other,FY19-Q1,0,2731,0,1/7/2019
AMPHENOL,BULL SAS,Enterprise Computing & Storage,Enterprise,FY19-Q1,4466,4456,0.9977608598,1/7/2019
GE HEALTHCARE,GE HEALTHCARE,NO VALUE,NO VALUE,FY19-Q1,373384,0,0,1/7/2019
ATHER ENERGY PRIVATE LIMITED,ATHER ENERGY PRIVATE LIMITED,Automotive,Instrumentation,FY19-Q1,1150000,659565,0.5735347826,1/7/2019
ROCHE DIAGNOSTICS,ROCHE DIAGNOSTICS,NO VALUE,NO VALUE,FY19-Q1,68304,24,0.0003513703443,1/7/2019
PHILIPS MEDICAL SYSTEMS,PHILIPS MEDICAL SYSTEMS,Medical,Diagnostics,FY19-Q1,1030997,2719306,2.637549867,1/7/2019
PHILIPS MEDICAL SYSTEMS,INVIVO CORPORATION,NO VALUE,NO VALUE,FY19-Q1,6670,0,0,1/7/2019
WABCO INDIA LIMITED,WABCO INDIA LIMITED,Automotive,Instrumentation,FY19-Q2,260097,2106225,8.097844266,4/1/2019
SANMINA-SCI EDI,MISCELLANEOUS,Telecommunications,Other,FY19-Q2,50652,1252405,24.72567717,4/1/2019
"MEDTRONIC, INC.","MEDTRONIC, INC.",Medical,Diagnostics,FY19-Q2,0,-3,0,4/1/2019
BULL SAS,BULL SAS,Servers,Enterprise Computing & Storage,FY19-Q2,2031206,0,0,4/1/2019
TEJAS NETWORKS LTD,TEJAS NETWORKS LTD,Other,Telecommunications,FY19-Q2,325239,0,0,4/1/2019
PHILIPS MEDICAL SYSTEMS,"PHILIPS ULTRASOUND, INC.",Medical,Monitoring / Surgical,FY19-Q2,1932033,0,0,4/1/2019
GE HEALTHCARE,GE HEALTHCARE,Medical,Other,FY19-Q2,634415,813215,1.281834446,4/1/2019
NOKIA SOLUTIONS AND NETWORKS OY,NOKIA SOLUTIONS AND NETWORKS OY,Telecommunications,Other,FY19-Q2,0,5469592,0,4/1/2019
PHILIPS MEDICAL SYSTEMS,PHILIPS MEDIZIN SYSTEME BOEBLINGEN GMBH,Medical,Diagnostics,FY19-Q2,3214,0,0,4/1/2019
ROCHE DIAGNOSTICS,ROCHE DIAGNOSTICS,Medical,Monitoring / Surgical,FY19-Q2,906066,2331840,2.573587355,4/1/2019
PHILIPS MEDICAL SYSTEMS,PHILIPS MEDICAL SYSTEMS,Medical,Other,FY19-Q2,431500,1383487,3.206227115,4/1/2019
TEJAS NETWORKS LTD,TEJAS NETWORKS LTD,NO VALUE,NO VALUE,FY19-Q2,1728418,0,0,4/1/2019
BULL SA,BULL CORPORATION OF AMERICA,NO VALUE,NO VALUE,FY19-Q2,4,0,0,4/1/2019
GE HEALTHCARE,GE HEALTHCARE,NO VALUE,NO VALUE,FY19-Q2,228669,1,0.000004373133219,4/1/2019
SANMINA-SCI EDI,SANMINA-SCI EDI,Telecommunications,Other,FY19-Q2,2315887,0,0,4/1/2019
PHILIPS MEDICAL SYSTEMS,"RESPIRONICS, INC.",Medical,Diagnostics,FY19-Q2,29779,0,0,4/1/2019
KONE CORPORATION,KONE CORPORATION,Industrial & Semiconductors,Control & Process,FY19-Q2,48662,624286,12.8290247,4/1/2019
SANMINA-SCI EDI,NO VALUE,NO VALUE,NO VALUE,FY19-Q2,0,-299920,0,4/1/2019
SANMINA-SCI EDI,ROCHE DIAGNOSTICS,Medical,Monitoring / Surgical,FY19-Q2,0,1395128,0,4/1/2019
"PCG TRADING, LLC D.B.A. CONVERGE",MISCELLANEOUS,Telecommunications,Other,FY19-Q2,0,66915,0,4/1/2019
WABCO INDIA LIMITED,WABCO INDIA LIMITED,NO VALUE,NO VALUE,FY19-Q2,1949987,0,0,4/1/2019
PHILIPS MEDICAL SYSTEMS,PHILIPS MEDICAL SYSTEMS,NO VALUE,NO VALUE,FY19-Q2,3701197,0,0,4/1/2019
PHILIPS MEDICAL SYSTEMS,PHILIPS MEDICAL SYSTEMS,Medical,Monitoring / Surgical,FY19-Q2,457126,11637890,25.45882317,4/1/2019
MISCELLANEOUS,MISCELLANEOUS,NO VALUE,NO VALUE,FY19-Q2,1366372,0,0,4/1/2019
KONE CORPORATION,KONE ELEVATOR INDIA PRIVATE LTD,NO VALUE,NO VALUE,FY19-Q2,595906,0,0,4/1/2019
ADVANCED MP TECHNOLOGY INC.,MISCELLANEOUS,Telecommunications,Other,FY19-Q2,0,14680,0,4/1/2019
WIPRO GE HEALTHCARE PVT LTD,GE HEALTHCARE,Medical,Other,FY19-Q2,1008845,1596258,1.582262885,4/1/2019
BULL SAS,BULL SAS,Enterprise Computing & Storage,Servers,FY19-Q2,2130812,1508712,0.7080455714,4/1/2019
WIPRO TECHNOLOGIES AUSTRIA GMBH,WIPRO TECHNOLOGIES AUSTRIA GMBH,Enterprise Computing & Storage,Servers,FY19-Q2,58738,11914,0.2028329191,4/1/2019
KONE CORPORATION,KONE CORPORATION,NO VALUE,NO VALUE,FY19-Q2,702,0,0,4/1/2019
NORTECH SYSTEMS,GE HEALTHCARE,Medical,Diagnostics,FY19-Q2,14048,17804,1.267369021,4/1/2019
TEJAS NETWORKS LTD,TEJAS NETWORKS LTD,Telecommunications,Other,FY19-Q2,4037613,4112464,1.018538429,4/1/2019
PHILIPS MEDICAL SYSTEMS,"PHILIPS ULTRASOUND, INC.",NO VALUE,NO VALUE,FY19-Q2,5944,0,0,4/1/2019
NOKIA SOLUTIONS AND NETWORKS OY,NOKIA SOLUTIONS AND NETWORKS OY,NO VALUE,NO VALUE,FY19-Q2,1925299,23784,0.01235340589,4/1/2019
GE HEALTHCARE,GE HEALTHCARE,Medical,Other,FY19-Q3,716774,824937,1.150902516,7/1/2019
PHILIPS MEDICAL SYSTEMS,"PHILIPS ULTRASOUND, INC.",Medical,Monitoring / Surgical,FY19-Q3,3659889,0,0,7/1/2019
NOKIA SOLUTIONS AND NETWORKS OY,NOKIA SOLUTIONS AND NETWORKS OY,Telecommunications,Other,FY19-Q3,757674,2689097,3.549147787,7/1/2019
PHILIPS MEDICAL SYSTEMS,PHILIPS INDIA LIMITED,Medical,Other,FY19-Q3,11250,0,0,7/1/2019
WIPRO GE HEALTHCARE PVT LTD,GE HEALTHCARE,Medical,Other,FY19-Q3,1015128,1586022,1.562386221,7/1/2019
"MEDTRONIC, INC.","MEDTRONIC, INC.",Medical,Diagnostics,FY19-Q3,0,50873,0,7/1/2019
WABCO INDIA LIMITED,WABCO INDIA LIMITED,NO VALUE,NO VALUE,FY19-Q3,2009273,0,0,7/1/2019
GE HEALTHCARE,GE HEALTHCARE,NO VALUE,NO VALUE,FY19-Q3,595129,926,0.001555965177,7/1/2019
TEJAS NETWORKS LTD,TEJAS NETWORKS LTD,Other,Telecommunications,FY19-Q3,2084518,0,0,7/1/2019
WABCO INDIA LIMITED,WABCO INDIA LIMITED,Automotive,Instrumentation,FY19-Q3,570450,2324364,4.074614778,7/1/2019
ADVANCED MP TECHNOLOGY INC.,MISCELLANEOUS,Telecommunications,Other,FY19-Q3,2200,2800,1.272727273,7/1/2019
ROCHE DIAGNOSTICS,ROCHE DIAGNOSTICS,Medical,Monitoring / Surgical,FY19-Q3,1070280,3330828,3.112108981,7/1/2019
BULL SAS,BULL SAS,Servers,Enterprise Computing & Storage,FY19-Q3,265,0,0,7/1/2019
NORTECH SYSTEMS,GE HEALTHCARE,Medical,Diagnostics,FY19-Q3,5337,8933,1.673786772,7/1/2019
ATHER ENERGY PRIVATE LIMITED,ATHER ENERGY PRIVATE LIMITED,Automotive,Instrumentation,FY19-Q3,3429348,512750,0.1495182175,7/1/2019
BULL SAS,BULL SAS,Enterprise Computing & Storage,Servers,FY19-Q3,1278124,1495190,1.169831722,7/1/2019
SANMINA-SCI EDI,ROCHE DIAGNOSTICS,Medical,Monitoring / Surgical,FY19-Q3,0,1669513,0,7/1/2019
PHILIPS MEDICAL SYSTEMS,"RESPIRONICS, INC.",Medical,Diagnostics,FY19-Q3,8890,0,0,7/1/2019
ROCHE DIAGNOSTICS,ROCHE DIAGNOSTICS,NO VALUE,NO VALUE,FY19-Q3,2042430,0,0,7/1/2019
PHILIPS MEDICAL SYSTEMS,PHILIPS MEDICAL SYSTEMS,Medical,Other,FY19-Q3,682182,1469944,2.154768082,7/1/2019
KONE CORPORATION,KONE ELEVATOR INDIA PRIVATE LTD,NO VALUE,NO VALUE,FY19-Q3,563004,0,0,7/1/2019
PHILIPS MEDICAL SYSTEMS,PHILIPS HEALTHCARE,Medical,Other,FY19-Q3,45388,0,0,7/1/2019
SANMINA-SCI EDI,MISCELLANEOUS,Telecommunications,Other,FY19-Q3,66943,120320,1.797349984,7/1/2019
KONE CORPORATION,KONE ELEVATOR INDIA PRIVATE LTD,Industrial & Semiconductors,Control & Process,FY19-Q3,40825,0,0,7/1/2019
PHILIPS MEDICAL SYSTEMS,PHILIPS MEDICAL SYSTEMS,NO VALUE,NO VALUE,FY19-Q3,7323735,111,0.00001515620104,7/1/2019
WIPRO TECHNOLOGIES AUSTRIA GMBH,WIPRO TECHNOLOGIES AUSTRIA GMBH,Enterprise Computing & Storage,Servers,FY19-Q3,46824,18129,0.3871732445,7/1/2019
TEJAS NETWORKS LTD,TEJAS NETWORKS LTD,NO VALUE,NO VALUE,FY19-Q3,2201128,0,0,7/1/2019
ROCHE DIAGNOSTICS,ROCHE DIAGNOSTICS,Telecommunications,Other,FY19-Q3,1389532,0,0,7/1/2019
TEJAS NETWORKS LTD,TEJAS NETWORKS LTD,Telecommunications,Other,FY19-Q3,2581986,4382664,1.697400373,7/1/2019
KONE CORPORATION,KONE CORPORATION,Industrial & Semiconductors,Control & Process,FY19-Q4,8078,587257,72.69831641,10/7/2019
PHILIPS MEDICAL SYSTEMS,PHILIPS MEDICAL SYSTEMS,Medical,Monitoring / Surgical,FY19-Q4,185871,13592073,73.12637797,10/7/2019
PHILIPS MEDICAL SYSTEMS,PHILIPS MEDICAL SYSTEMS,Medical,Diagnostics,FY19-Q4,1955597,4745633,2.426692718,10/7/2019
PHILIPS MEDICAL SYSTEMS,"PHILIPS ULTRASOUND, INC.",NO VALUE,NO VALUE,FY19-Q4,20090,0,0,10/7/2019
PHILIPS MEDICAL SYSTEMS,PHILIPS HEALTHCARE,Medical,Other,FY19-Q4,78651,0,0,10/7/2019
GE HEALTHCARE,GE HEALTHCARE,Medical,Other,FY19-Q4,543661,778958,1.432800955,10/7/2019
TEJAS NETWORKS LTD,TEJAS NETWORKS LTD,Telecommunications,Other,FY19-Q4,4754343,7012161,1.4748959,10/7/2019
SANMINA-SCI EDI,NO VALUE,NO VALUE,NO VALUE,FY19-Q4,0,829,0,10/7/2019
BULL SAS,BULL SAS,Servers,Enterprise Computing & Storage,FY19-Q4,259,0,0,10/7/2019
ATHER ENERGY PRIVATE LIMITED,ATHER ENERGY PRIVATE LIMITED,Automotive,Instrumentation,FY19-Q4,3364676,1435881,0.4267516397,10/7/2019
PHILIPS MEDICAL SYSTEMS,PHILIPS INDIA LIMITED,Medical,Other,FY19-Q4,82889,0,0,10/7/2019
PHILIPS MEDICAL SYSTEMS,"PHILIPS ULTRASOUND, INC.",Medical,Other,FY19-Q4,16228,0,0,10/7/2019
"MEDTRONIC, INC.","MEDTRONIC, INC.",Medical,Diagnostics,FY19-Q4,107762,43414,0.402869286,10/7/2019
PHILIPS MEDICAL SYSTEMS,"RESPIRONICS, INC.",Medical,Diagnostics,FY19-Q4,222022,0,0,10/7/2019
PHILIPS MEDICAL SYSTEMS,PHILIPS MEDICAL SYSTEMS,Medical,Diagnostics,FY19-Q4,1707305,5080074,2.975492955,10/7/2019
PHILIPS MEDICAL SYSTEMS,PHILIPS MEDICAL SYSTEMS,Medical,Monitoring / Surgical,FY19-Q4,14261,12586953,882.6136316,10/7/2019
PHILIPS MEDICAL SYSTEMS,PHILIPS MEDICAL SYSTEMS,Medical,Other,FY19-Q4,394625,649965,1.647044663,10/7/2019
WIPRO TECHNOLOGIES AUSTRIA GMBH,WIPRO TECHNOLOGIES AUSTRIA GMBH,Enterprise Computing & Storage,Servers,FY19-Q4,27693,4397,0.1587765861,10/7/2019
SANMINA-SCI EDI,MISCELLANEOUS,Telecommunications,Other,FY19-Q4,89501,1552703,17.34844303,10/7/2019
KONE CORPORATION,KONE CORPORATION,Industrial & Semiconductors,Control & Process,FY19-Q4,24381,-62176,-2.550182519,10/7/2019
WIPRO GE HEALTHCARE PVT LTD,GE HEALTHCARE,Medical,Other,FY19-Q4,861556,1244997,1.445056386,10/7/2019
PHILIPS MEDICAL SYSTEMS,"PHILIPS ULTRASOUND, INC.",NO VALUE,NO VALUE,FY19-Q4,24449,0,0,10/7/2019
NETRONOME SYSTEMS,NETRONOME SYSTEMS,Data Communications,Other,FY19-Q4,0,127569,0,10/7/2019
NOKIA SOLUTIONS AND NETWORKS OY,NOKIA SOLUTIONS AND NETWORKS OY,Telecommunications,Other,FY19-Q4,0,-1427,0,10/7/2019
ROCHE DIAGNOSTICS,ROCHE DIAGNOSTICS,Medical,Monitoring / Surgical,FY19-Q4,1920888,3768000,1.961592763,10/7/2019
BULL SAS,BULL SAS,Enterprise Computing & Storage,Servers,FY19-Q4,5371839,2077787,0.3867924932,10/7/2019
TEJAS NETWORKS LTD,TEJAS NETWORKS LTD,NO VALUE,NO VALUE,FY19-Q4,1223729,0,0,10/7/2019
WABCO INDIA LIMITED,WABCO INDIA LIMITED,Automotive,Instrumentation,FY19-Q4,793984,1084014,1.365284439,10/7/2019
PHILIPS MEDICAL SYSTEMS,PHILIPS MEDICAL SYSTEMS,NO VALUE,NO VALUE,FY19-Q4,5699714,0,0,10/7/2019
PHILIPS MEDICAL SYSTEMS,"PHILIPS ULTRASOUND, INC.",Medical,Monitoring / Surgical,FY19-Q4,722969,0,0,10/7/2019
KONE CORPORATION,KONE ELEVATOR INDIA PRIVATE LTD,NO VALUE,NO VALUE,FY20-Q1,417338,0,0,1/6/2020
DERF ELECTRONICS CORP,MISCELLANEOUS,Telecommunications,Other,FY20-Q1,0,1337,0,1/6/2020
NORTECH SYSTEMS,GE HEALTHCARE,Medical,Diagnostics,FY20-Q1,6424,7003,1.09013076,1/6/2020
KONE CORPORATION,KONE ELEVATOR INDIA PRIVATE LTD,Industrial & Semiconductors,Control & Process,FY20-Q1,16696,0,0,1/6/2020
GE HEALTHCARE,GE HEALTHCARE,NO VALUE,NO VALUE,FY20-Q1,532893,924,0.001733931577,1/6/2020
WABCO INDIA LIMITED,WABCO INDIA LIMITED,NO VALUE,NO VALUE,FY20-Q1,1928632,0,0,1/6/2020
ROCHE DIAGNOSTICS,ROCHE DIAGNOSTICS,NO VALUE,NO VALUE,FY20-Q1,1352403,0,0,1/6/2020
TEJAS NETWORKS LTD,TEJAS NETWORKS LTD,Other,Telecommunications,FY20-Q1,1536597,0,0,1/6/2020
PHILIPS MEDICAL SYSTEMS,"PHILIPS ULTRASOUND, INC.",Medical,Monitoring / Surgical,FY20-Q1,100820,0,0,1/6/2020
ATHER ENERGY PRIVATE LIMITED,ATHER ENERGY PRIVATE LIMITED,Automotive,Instrumentation,FY20-Q1,2858769,2161075,0.7559460033,1/6/2020
TEJAS NETWORKS LTD,TEJAS NETWORKS LTD,Other,Telecommunications,FY20-Q1,1360564,0,0,1/6/2020
TEJAS NETWORKS LTD,TEJAS NETWORKS LTD,Telecommunications,Other,FY20-Q1,10070152,8698441,0.8637844791,1/6/2020
ROCHE DIAGNOSTICS,ROCHE DIAGNOSTICS,Medical,Monitoring / Surgical,FY20-Q1,3124296,5919210,1.89457401,1/6/2020
GE HEALTHCARE,GE HEALTHCARE,NO VALUE,NO VALUE,FY20-Q1,698431,1967,0.002816312563,1/6/2020
PHILIPS MEDICAL SYSTEMS,"PHILIPS ULTRASOUND, INC.",NO VALUE,NO VALUE,FY20-Q1,710684,0,0,1/6/2020
BULL SAS,BULL SAS,Enterprise Computing & Storage,Servers,FY20-Q1,1746993,609363,0.3488067783,1/6/2020
PHILIPS MEDICAL SYSTEMS,INVIVO CORPORATION,NO VALUE,NO VALUE,FY20-Q1,25589,0,0,1/6/2020
GE HEALTHCARE,GE HEALTHCARE,Medical,Other,FY20-Q1,590021,938197,1.59010781,1/6/2020
BULL SAS,BULL SAS,Servers,Enterprise Computing & Storage,FY20-Q1,253,0,0,1/6/2020
ROCHE DIAGNOSTICS,ROCHE DIAGNOSTICS,NO VALUE,NO VALUE,FY20-Q1,3634329,0,0,1/6/2020
NORTECH SYSTEMS,GE HEALTHCARE,Medical,Diagnostics,FY20-Q1,3645,9983,2.738820302,1/6/2020
WIPRO GE HEALTHCARE PVT LTD,GE HEALTHCARE,Medical,Other,FY20-Q1,1035810,1284398,1.239993821,1/6/2020
PHILIPS MEDICAL SYSTEMS,PHILIPS MEDICAL SYSTEMS,Medical,Monitoring / Surgical,FY20-Q1,346884,8808919,25.39442292,1/6/2020
PHILIPS MEDICAL SYSTEMS,"RESPIRONICS, INC.",Medical,Diagnostics,FY20-Q1,46394,0,0,1/6/2020
NOKIA SOLUTIONS AND NETWORKS OY,NOKIA SOLUTIONS AND NETWORKS OY,Telecommunications,Other,FY20-Q1,0,0,0,1/6/2020
SANMINA-SCI EDI,SANMINA-SCI EDI,NO VALUE,NO VALUE,FY20-Q1,73580,0,0,1/6/2020
PHILIPS MEDICAL SYSTEMS,PHILIPS HEALTHCARE,Medical,Other,FY20-Q1,21911,0,0,1/6/2020
KONE CORPORATION,KONE CORPORATION,Industrial & Semiconductors,Control & Process,FY20-Q1,0,406262,0,1/6/2020
PHILIPS MEDICAL SYSTEMS,PHILIPS MEDICAL SYSTEMS,Medical,Other,FY20-Q1,1253321,1477352,1.178749897,1/6/2020
PHILIPS MEDICAL SYSTEMS,PHILIPS MEDICAL SYSTEMS,NO VALUE,NO VALUE,FY20-Q1,6249850,5804,0.0009286622879,1/6/2020
TEJAS NETWORKS LTD,TEJAS NETWORKS LTD,NO VALUE,NO VALUE,FY20-Q1,1702531,0,0,1/6/2020
KONE CORPORATION,KONE ELEVATOR INDIA PRIVATE LTD,NO VALUE,NO VALUE,FY20-Q1,390214,0,0,1/6/2020
SANMINA-SCI EDI,MISCELLANEOUS,Telecommunications,Other,FY20-Q1,27720,954836,34.44574315,1/6/2020
KONE CORPORATION,KONE ELEVATOR INDIA PRIVATE LTD,Industrial & Semiconductors,Control & Process,FY20-Q1,4468,0,0,1/6/2020
ADVANCED MP TECHNOLOGY INC.,MISCELLANEOUS,Telecommunications,Other,FY20-Q1,0,368,0,1/6/2020
"MEDTRONIC, INC.","MEDTRONIC, INC.",Medical,Diagnostics,FY20-Q1,79504,125085,1.573317066,1/6/2020
PHILIPS MEDICAL SYSTEMS,PHILIPS MEDICAL SYSTEMS,Medical,Diagnostics,FY20-Q2,1210542,3106369,2.566097665,4/6/2020
BLOOM ENERGY,BLOOM ENERGY,Industrial & Semiconductors,Control & Process,FY20-Q2,76750,51601,0.6723257329,4/6/2020
PHILIPS CONSUMER ELECTRONICS,PHILIPS MEDICAL SYSTEMS,Medical,Therapeutic,FY20-Q2,0,124259,0,4/6/2020
BULL SAS,BULL SAS,Enterprise Computing & Storage,Servers,FY20-Q2,2138047,1206694,0.5643907734,4/6/2020
SANMINA-SCI EDI,MISCELLANEOUS,Telecommunications,Other,FY20-Q2,77635,1040116,13.39751401,4/6/2020
NORTECH SYSTEMS,GE HEALTHCARE,Medical,Diagnostics,FY20-Q2,8056,18147,2.252606753,4/6/2020
TEJAS NETWORKS LTD,TEJAS NETWORKS LTD,Other,Telecommunications,FY20-Q2,1104875,0,0,4/6/2020
TEJAS NETWORKS LTD,TEJAS NETWORKS LTD,NO VALUE,NO VALUE,FY20-Q2,2205899,0,0,4/6/2020
BULL SAS,BULL SAS,NO VALUE,NO VALUE,FY20-Q2,6135,0,0,4/6/2020
PHILIPS MEDICAL SYSTEMS,PHILIPS MEDICAL SYSTEMS,NO VALUE,NO VALUE,FY20-Q2,2110233,17867,0.008466837548,4/6/2020
PHILIPS MEDICAL SYSTEMS,PHILIPS MEDICAL SYSTEMS,Medical,Monitoring / Surgical,FY20-Q2,38093,11583003,304.071693,4/6/2020
THALES- AVIONICS,THALES- AVIONICS,Defense & Aerospace,"3C-Command, Control, & Comm.",FY20-Q2,0,155588,0,4/6/2020
GE HEALTHCARE,GE HEALTHCARE,Medical,Other,FY20-Q2,606108,1072639,1.769715958,4/6/2020
PHILIPS MEDICAL SYSTEMS,PHILIPS MEDICAL SYSTEMS,Medical,Diagnostics,FY20-Q2,1837649,2215153,1.205427696,4/6/2020
PHILIPS MEDICAL SYSTEMS,"PHILIPS ULTRASOUND, INC.",Telecommunications,Other,FY20-Q2,1093155,0,0,4/6/2020
ATHER ENERGY PRIVATE LIMITED,ATHER ENERGY PRIVATE LIMITED,Automotive,Instrumentation,FY20-Q2,946827,655155,0.6919479483,4/6/2020
ROCHE DIAGNOSTICS,ROCHE DIAGNOSTICS,Medical,Monitoring / Surgical,FY20-Q2,5489070,7756343,1.413052302,4/6/2020
PHILIPS MEDICAL SYSTEMS,INVIVO CORPORATION,Medical,Diagnostics,FY20-Q2,138870,0,0,4/6/2020
BULL SA,BULL CORPORATION OF AMERICA,NO VALUE,NO VALUE,FY20-Q2,25,0,0,4/6/2020
PHILIPS MEDICAL SYSTEMS,PHILIPS MEDICAL SYSTEMS,Medical,Other,FY20-Q2,596788,453632,0.7601225226,4/6/2020
ROCHE DIAGNOSTICS,ROCHE DIAGNOSTICS,NO VALUE,NO VALUE,FY20-Q2,1741327,0,0,4/6/2020
PHILIPS MEDICAL SYSTEMS,"PHILIPS ULTRASOUND, INC.",Medical,Monitoring / Surgical,FY20-Q2,708117,0,0,4/6/2020
WIPRO GE HEALTHCARE PVT LTD,GE HEALTHCARE,Medical,Other,FY20-Q2,1203238,1346276,1.118877562,4/6/2020
PHILIPS MEDICAL SYSTEMS,"PHILIPS ULTRASOUND, INC.",Medical,Other,FY20-Q2,32927,0,0,4/6/2020
"MEDTRONIC, INC.","MEDTRONIC, INC.",NO VALUE,NO VALUE,FY20-Q2,0,0,0,4/6/2020
KONE CORPORATION,KONE CORPORATION,Industrial & Semiconductors,Control & Process,FY20-Q2,0,0,0,4/6/2020
GE HEALTHCARE,GE HEALTHCARE,NO VALUE,NO VALUE,FY20-Q2,501732,9,0.00001793786324,4/6/2020
KONE CORPORATION,KONE CORPORATION,NO VALUE,NO VALUE,FY20-Q2,105671,0,0,4/6/2020
BULL SAS,BULL SAS,Servers,Enterprise Computing & Storage,FY20-Q2,10951,0,0,4/6/2020
THALES- AVIONICS,THALES- AVIONICS,NO VALUE,NO VALUE,FY20-Q2,539,0,0,4/6/2020
TEJAS NETWORKS LTD,TEJAS NETWORKS LTD,Telecommunications,Other,FY20-Q2,7636727,5288608,0.692522857,4/6/2020