MASTER_CUSTOMER_NAME,OEM_NAME,SALES_MARKET,SALES_SEGMENT,FISCAL_QUARTER,MDS_VALUE,REVENUE,TakeRate
77 ELEKTRONIKA KFT,ROCHE DIAGNOSTICS,Medical,Monitoring - Personal,FY20-Q2,0,1806,0
ATHER ENERGY PRIVATE LIMITED,ATHER ENERGY PRIVATE LIMITED,Automotive,Instrumentation,FY20-Q2,4156,0,0
BLOOM ENERGY,BLOOM ENERGY,Industrial & Semiconductors,Control & Process,FY20-Q2,287205,186315,0.6487178148
BLOOM ENERGY,BLOOM ENERGY,Control & Process,Industrial & Semiconductors,FY20-Q2,251546,0,0
BLOOM ENERGY,BLOOM ENERGY (INDIA) PVT. LTD.,Industrial & Semiconductors,Control & Process,FY20-Q2,165550,0,0
BLOOM ENERGY,BLOOM ENERGY,Industrial & Semiconductors,Other,FY20-Q2,958,0,0
BULL SAS,ATOS INDIA PRIVATE LIMITED,NO VALUE,NO VALUE,FY20-Q2,3394767,0,0
BULL SAS,BULL SAS,Enterprise Computing & Storage,Servers,FY20-Q2,5100440,4338374,0.8505881845
BULL SAS,BULL SAS,NO VALUE,NO VALUE,FY20-Q2,24209,0,0
GE HEALTHCARE,GE HEALTHCARE,Medical,Other,FY20-Q2,530111,794144,1.498071159
GE HEALTHCARE,GE HEALTHCARE,NO VALUE,NO VALUE,FY20-Q2,662366,0,0
"MEDTRONIC, INC.","MEDTRONIC, INC.",NO VALUE,NO VALUE,FY20-Q2,0,18055,0
"MEDTRONIC, INC.","MEDTRONIC, INC.",Medical,Diagnostic - Imaging - Other,FY20-Q2,146750,0,0
PHILIPS MEDICAL SYSTEMS,PHILIPS MEDICAL SYSTEMS,NO VALUE,NO VALUE,FY20-Q2,4618161,4638,0.001004295866
PHILIPS MEDICAL SYSTEMS,PHILIPS INDIA LIMITED,Medical,Diagnostic - Imaging - Big Iron,FY20-Q2,47343,0,0
PHILIPS MEDICAL SYSTEMS,"PHILIPS ULTRASOUND, INC.",Telecommunications,Other,FY20-Q2,557550,0,0
PHILIPS MEDICAL SYSTEMS,INVIVO CORPORATION,Medical,Diagnostic - Imaging - Big Iron,FY20-Q2,369,0,0
PHILIPS MEDICAL SYSTEMS,"PHILIPS ULTRASOUND, INC.",Medical,Diagnostic - Imaging - Ultrasound,FY20-Q2,5576886,0,0
PHILIPS MEDICAL SYSTEMS,"RESPIRONICS, INC.",Medical,Therapeutic - Respiratory,FY20-Q2,9705,0,0
PHILIPS MEDICAL SYSTEMS,PHILIPS MEDICAL SYSTEMS,Medical,Diagnostic - Imaging - Ultrasound,FY20-Q2,389975,11396557,29.22381435
PHILIPS MEDICAL SYSTEMS,PHILIPS MEDICAL SYSTEMS,Medical,Diagnostic - Imaging - Big Iron,FY20-Q2,791317,347587,0.4392512735
PHILIPS MEDICAL SYSTEMS,PHILIPS MEDICAL SYSTEMS,Medical,Monitoring - Professional,FY20-Q2,442416,595990,1.347125782
PHILIPS MEDICAL SYSTEMS,PHILIPS MEDICAL SYSTEMS,Medical,Therapeutic - Respiratory,FY20-Q2,774800,1630955,2.105001291
ROCHE DIAGNOSTICS,ROCHE DIAGNOSTICS,NO VALUE,NO VALUE,FY20-Q2,1248048,0,0
ROCHE DIAGNOSTICS,ROCHE DIAGNOSTICS,Medical,Monitoring - Personal,FY20-Q2,8278596,10267257,1.240217182
RTX AS,PHILIPS MEDICAL SYSTEMS,Medical,Monitoring - Professional,FY20-Q2,0,179588,0
SANMINA-SCI EDI,MISCELLANEOUS,Telecommunications,Other,FY20-Q2,44666,261755,5.860274034
TEJAS NETWORKS LTD,TEJAS NETWORKS LTD,NO VALUE,NO VALUE,FY20-Q2,286736,0,0
TEJAS NETWORKS LTD,TEJAS NETWORKS LTD,Telecommunications,Other,FY20-Q2,5583924,2573248,0.460831487
THALES- AVIONICS,THALES- AVIONICS,Defense & Aerospace,"3C-Command, Control, & Comm.",FY20-Q2,275009,145072,0.5275172813
WIPRO GE HEALTHCARE PVT LTD,GE HEALTHCARE,Medical,Other,FY20-Q2,1306386,968390,0.7412740186
ATHER ENERGY PRIVATE LIMITED,ATHER ENERGY PRIVATE LIMITED,Automotive,Instrumentation,FY20-Q1,73244,184998,2.525776855
BLOOM ENERGY,BLOOM ENERGY,Industrial & Semiconductors,Control & Process,FY20-Q1,143093,87685,0.6127832948
BLOOM ENERGY,BLOOM ENERGY,Control & Process,Industrial & Semiconductors,FY20-Q1,1041,0,0
BULL SA,BULL CORPORATION OF AMERICA,NO VALUE,NO VALUE,FY20-Q1,21500,0,0
BULL SAS,BULL SAS,Enterprise Computing & Storage,Servers,FY20-Q1,2381720,2380983,0.9996905598
BULL SAS,BULL SAS,NO VALUE,NO VALUE,FY20-Q1,10279,0,0
GE HEALTHCARE,GE HEALTHCARE,Medical,Other,FY20-Q1,485127,943087,1.944000231
GE HEALTHCARE,GE HEALTHCARE,NO VALUE,NO VALUE,FY20-Q1,791113,0,0
KONE CORPORATION,KONE CORPORATION,Industrial & Semiconductors,Control & Process,FY20-Q1,0,4858,0
"MEDTRONIC, INC.","MEDTRONIC, INC.",Medical,Diagnostic - Imaging - Other,FY20-Q1,0,-31819,0
NETRONOME SYSTEMS,NETRONOME SYSTEMS,Data Communications,Other,FY20-Q1,0,1400,0
NORTECH SYSTEMS,GE HEALTHCARE,Medical,Diagnostics,FY20-Q1,19942,19441,0.9748771437
PHILIPS MEDICAL SYSTEMS,PHILIPS MEDICAL SYSTEMS,Medical,Monitoring - Professional,FY20-Q1,0,626659,0
PHILIPS MEDICAL SYSTEMS,PHILIPS MEDICAL SYSTEMS,Medical,Therapeutic - Respiratory,FY20-Q1,0,1106496,0
PHILIPS MEDICAL SYSTEMS,PHILIPS HEALTHCARE,Medical,Other,FY20-Q1,103332,0,0
PHILIPS MEDICAL SYSTEMS,"PHILIPS ULTRASOUND, INC.",Telecommunications,Other,FY20-Q1,1018275,0,0
PHILIPS MEDICAL SYSTEMS,"PHILIPS ULTRASOUND, INC.",Medical,Monitoring / Surgical,FY20-Q1,1147654,0,0
PHILIPS MEDICAL SYSTEMS,PHILIPS MEDICAL SYSTEMS,Medical,Diagnostic - Imaging - Big Iron,FY20-Q1,0,355899,0
PHILIPS MEDICAL SYSTEMS,PHILIPS MEDICAL SYSTEMS,NO VALUE,NO VALUE,FY20-Q1,2547570,310,0.0001216845857
PHILIPS MEDICAL SYSTEMS,PHILIPS MEDICAL SYSTEMS,Medical,Diagnostic - Imaging - Ultrasound,FY20-Q1,0,13838618,0
PHILIPS MEDICAL SYSTEMS,PHILIPS MEDICAL SYSTEMS,Medical,Diagnostics,FY20-Q1,1680046,0,0
PHILIPS MEDICAL SYSTEMS,INVIVO CORPORATION,Medical,Diagnostics,FY20-Q1,102480,0,0
PHILIPS MEDICAL SYSTEMS,PHILIPS MEDICAL SYSTEMS,Medical,Monitoring / Surgical,FY20-Q1,1076259,0,0
PHILIPS MEDICAL SYSTEMS,"PHILIPS ULTRASOUND, INC.",NO VALUE,NO VALUE,FY20-Q1,35184,0,0
PHILIPS MEDICAL SYSTEMS,PHILIPS MEDICAL SYSTEMS,Medical,Other,FY20-Q1,936966,0,0
PHILIPS MEDICAL SYSTEMS,"PHILIPS ULTRASOUND, INC.",Medical,Other,FY20-Q1,33453,0,0
ROCHE DIAGNOSTICS,ROCHE DIAGNOSTICS,NO VALUE,NO VALUE,FY20-Q1,2443096,0,0
ROCHE DIAGNOSTICS,ROCHE DIAGNOSTICS,Medical,Monitoring / Surgical,FY20-Q1,7587396,0,0
ROCHE DIAGNOSTICS,ROCHE DIAGNOSTICS,Medical,Monitoring - Personal,FY20-Q1,0,9858540,0
SANMINA-SCI EDI,MISCELLANEOUS,Telecommunications,Other,FY20-Q1,38129,273620,7.176165124
TEJAS NETWORKS LTD,TEJAS NETWORKS LTD,Other,Telecommunications,FY20-Q1,82475,0,0
TEJAS NETWORKS LTD,TEJAS NETWORKS LTD,Telecommunications,Other,FY20-Q1,6530255,1316036,0.2015290368
TEJAS NETWORKS LTD,TEJAS NETWORKS LTD,NO VALUE,NO VALUE,FY20-Q1,49634,0,0
THALES- AVIONICS,THALES- AVIONICS,Defense & Aerospace,"3C-Command, Control, & Comm.",FY20-Q1,800,59480,74.35
THALES- AVIONICS,THALES- AVIONICS,NO VALUE,NO VALUE,FY20-Q1,324414,0,0
WIPRO GE HEALTHCARE PVT LTD,GE HEALTHCARE,Medical,Other,FY20-Q1,1267034,1283191,1.012751828
TEJAS NETWORKS LTD,TEJAS NETWORKS LTD,Telecommunications,Other,FY17-Q1,368095,14746537,40.06176938
WIPRO TECHNOLOGIES AUSTRIA GMBH,WIPRO TECHNOLOGIES AUSTRIA GMBH,Enterprise Computing & Storage,Servers,FY17-Q1,23188,29837,1.286743143
SANMINA-SCI EDI,SANMINA-SCI EDI,NO VALUE,NO VALUE,FY17-Q1,2850,0,0
NORTECH SYSTEMS,GE HEALTHCARE,Medical,Diagnostics,FY17-Q1,0,6450,0
KONE CORPORATION,KONE ELEVATOR INDIA PRIVATE LTD,NO VALUE,NO VALUE,FY17-Q1,282411,0,0
BULL SAS,BULL SAS,Enterprise Computing & Storage,Servers,FY17-Q1,620260,2518884,4.061013124
GE HEALTHCARE,GE HEALTHCARE,NO VALUE,NO VALUE,FY17-Q1,741416,13,0.00001753401599
ADVANCED MP TECHNOLOGY INC.,MISCELLANEOUS,Telecommunications,Other,FY17-Q1,0,-5496,0
ECOPPIA SCIENTIFIC LTD,ECOPPIA SCIENTIFIC LTD,Industrial & Semiconductors,Other,FY17-Q1,463612,694611,1.49825932
KONE CORPORATION,KONE CORPORATION,Industrial & Semiconductors,Control & Process,FY17-Q1,9171,831714,90.68956493
"MEDTRONIC, INC.","MEDTRONIC, INC.",Medical,Diagnostics,FY17-Q1,130951,4474,0.0341654512
TEJAS NETWORKS LTD,TEJAS NETWORKS LTD,NO VALUE,NO VALUE,FY17-Q1,12972840,0,0
NETRONOME SYSTEMS,NETRONOME SYSTEMS,Data Communications,Other,FY17-Q1,0,50633,0
GE HEALTHCARE,GE HEALTHCARE,Medical,Other,FY17-Q1,191377,511901,2.674830309
LEAX GROUP AB,LEAX ARKIVATOR TELECOM AB,Wireless base stations,Telecommunications,FY17-Q1,1941084,0,0
"MEDTRONIC, INC.","MEDTRONIC, INC.",NO VALUE,NO VALUE,FY17-Q1,0,15822,0
MISSION ELECTRONICS INTERNATIONAL LIMITED,MISSION ELECTRONICS INTERNATIONAL LIMITED,Other,Telecommunications,FY17-Q1,1635,0,0
NEC CORPORATION,NEC TECHNOLOGIES INDIA PRIVATE LIMITED,Telecommunications,Wireless base stations,FY17-Q1,388282,2115956,5.449534102
WIPRO TECHNOLOGIES AUSTRIA GMBH,WIPRO TECHNOLOGIES AUSTRIA GMBH,Servers,Enterprise Computing & Storage,FY17-Q1,250,0,0
ABB INC,ABB INC,Industrial & Semiconductors,Control & Process,FY17-Q1,34680,69129,1.9933391
AMPHENOL,BULL SAS,Enterprise Computing & Storage,Enterprise,FY17-Q1,8269,13837,1.673358326
WHISTLE LABS INC,WHISTLE LABS INC,Data Communications,Other,FY17-Q1,0,35047,0
LEAX GROUP AB,LEAX GROUP AB,Telecommunications,Other,FY17-Q1,1684767,4523731,2.685078115
KONE CORPORATION,KONE CORPORATION,NO VALUE,NO VALUE,FY17-Q1,283280,0,0
PHILIPS MEDICAL SYSTEMS,PHILIPS MEDICAL SYSTEMS,Medical,Monitoring / Surgical,FY17-Q1,1145343,1818128,1.587409187
PHILIPS MEDICAL SYSTEMS,PHILIPS MEDICAL SYSTEMS,Monitoring / Surgical,Medical,FY17-Q1,3059095,0,0
SANMINA-SCI EDI,MISCELLANEOUS,Telecommunications,Other,FY17-Q1,1983370,1720966,0.8676979081
PHILIPS MEDICAL SYSTEMS,PHILIPS MEDICAL SYSTEMS,NO VALUE,NO VALUE,FY17-Q1,420836,0,0
NETRONOME SYSTEMS,NETRONOME SYSTEMS,NO VALUE,NO VALUE,FY17-Q1,315132,0,0
LEAX GROUP AB,LEAX GROUP AB,NO VALUE,NO VALUE,FY17-Q1,130616,0,0
MISCELLANEOUS,MISCELLANEOUS,NO VALUE,NO VALUE,FY17-Q1,446500,0,0
BULL SAS,BULL SAS,Servers,Enterprise Computing & Storage,FY17-Q1,1063770,0,0
NOKIA SOLUTIONS AND NETWORKS OY,NOKIA SOLUTIONS AND NETWORKS OY,Telecommunications,Other,FY17-Q1,23784,0,0
WABCO INDIA LIMITED,WABCO INDIA LIMITED,Automotive,Instrumentation,FY17-Q1,1572001,1729433,1.100147519
PHILIPS MEDICAL SYSTEMS,PHILIPS MEDICAL SYSTEMS,Medical,Other,FY17-Q1,0,363153,0
ROCHE DIAGNOSTICS,ROCHE DIAGNOSTICS,Medical,Monitoring / Surgical,FY17-Q1,0,224773,0
PHILIPS MEDICAL SYSTEMS,PHILIPS MEDICAL SYSTEMS,Medical,Diagnostics,FY17-Q1,0,844235,0
WABCO INDIA LIMITED,WABCO INDIA LIMITED,Instrumentation,Automotive,FY17-Q1,12252,0,0
NEC CORPORATION,NEC TECHNOLOGIES INDIA PRIVATE LIMITED,Wireless base stations,Telecommunications,FY17-Q1,1836189,0,0
WIPRO GE HEALTHCARE PVT LTD,GE HEALTHCARE,Medical,Other,FY17-Q1,1209665,1423133,1.176468692
ECOPPIA SCIENTIFIC LTD,ECOPPIA SCIENTIFIC LTD,Other,Industrial & Semiconductors,FY17-Q1,134318,0,0
KANHATECH SOLUTIONS LIMITED,KANHATECH SOLUTIONS LIMITED,Multimedia,Other,FY17-Q1,72172,0,0
NORTECH SYSTEMS,GE HEALTHCARE,Medical,Diagnostics,FY17-Q2,0,1808,0
PHILIPS MEDICAL SYSTEMS,PHILIPS MEDICAL SYSTEMS,Medical,Monitoring / Surgical,FY17-Q2,50775,441935,8.703791236
TEJAS NETWORKS LTD,TEJAS NETWORKS LTD,NO VALUE,NO VALUE,FY17-Q2,5241412,0,0
BULL SAS,BULL SAS,NO VALUE,NO VALUE,FY17-Q2,8138,0,0
BULL SAS,BULL SAS,Enterprise Computing & Storage,Servers,FY17-Q2,5993596,2183695,0.3643380368
LEAX GROUP AB,LEAX ARKIVATOR TELECOM AB,Wireless base stations,Telecommunications,FY17-Q2,1385172,0,0
KANHATECH SOLUTIONS LIMITED,KANHATECH SOLUTIONS LIMITED,Multimedia,Other,FY17-Q2,71240,97629,1.370423919
ABB INC,ABB INC,Industrial & Semiconductors,Control & Process,FY17-Q2,231,118256,511.9307359
GE HEALTHCARE,GE HEALTHCARE,NO VALUE,NO VALUE,FY17-Q2,406073,0,0
NEC CORPORATION,NEC TECHNOLOGIES INDIA PRIVATE LIMITED,Wireless base stations,Telecommunications,FY17-Q2,1404867,0,0
WIPRO TECHNOLOGIES AUSTRIA GMBH,WIPRO TECHNOLOGIES AUSTRIA GMBH,Servers,Enterprise Computing & Storage,FY17-Q2,5473,0,0
PHILIPS MEDICAL SYSTEMS,PHILIPS MEDICAL SYSTEMS,Monitoring / Surgical,Medical,FY17-Q2,5138235,0,0
SANMINA-SCI EDI,SANMINA-SCI EDI,Telecommunications,Other,FY17-Q2,555342,0,0
PHILIPS MEDICAL SYSTEMS,PHILIPS MEDICAL SYSTEMS,NO VALUE,NO VALUE,FY17-Q2,855275,0,0
TEJAS NETWORKS LTD,TEJAS NETWORKS LTD,Telecommunications,Other,FY17-Q2,628502,5909567,9.402622426
NEC CORPORATION,NEC TECHNOLOGIES INDIA PRIVATE LIMITED,Telecommunications,Wireless base stations,FY17-Q2,130634,1529959,11.71179785
NETRONOME SYSTEMS,NETRONOME SYSTEMS,NO VALUE,NO VALUE,FY17-Q2,479653,0,0
WIPRO TECHNOLOGIES AUSTRIA GMBH,WIPRO TECHNOLOGIES AUSTRIA GMBH,Enterprise Computing & Storage,Servers,FY17-Q2,786,69726,88.70992366
CYIENT DLM PVT LTD,MISCELLANEOUS,Telecommunications,Other,FY17-Q2,0,41997,0
PHILIPS MEDICAL SYSTEMS,PHILIPS MEDICAL SYSTEMS,Medical,Other,FY17-Q2,297312,664740,2.235833064
TEJAS NETWORKS LTD,TEJAS NETWORKS LTD,Other,Telecommunications,FY17-Q2,2613,0,0
KONE CORPORATION,KONE CORPORATION,Industrial & Semiconductors,Control & Process,FY17-Q2,135613,974339,7.184702057
BULL SAS,BULL SAS,Servers,Enterprise Computing & Storage,FY17-Q2,32586,0,0
PHILIPS MEDICAL SYSTEMS,PHILIPS MEDICAL SYSTEMS,Medical,Diagnostics,FY17-Q2,2621648,3117549,1.18915621
LEAX GROUP AB,LEAX GROUP AB,Telecommunications,Other,FY17-Q2,1073714,3786974,3.526985771
WIPRO GE HEALTHCARE PVT LTD,GE HEALTHCARE,Medical,Other,FY17-Q2,1358892,1577600,1.160945829
KONE CORPORATION,KONE CORPORATION,NO VALUE,NO VALUE,FY17-Q2,263225,0,0
SANMINA-SCI EDI,MISCELLANEOUS,Telecommunications,Other,FY17-Q2,1551989,1704330,1.098158557
WABCO INDIA LIMITED,WABCO INDIA LIMITED,Automotive,Instrumentation,FY17-Q2,1633988,1556627,0.9526550991
NETRONOME SYSTEMS,NETRONOME SYSTEMS,Data Communications,Other,FY17-Q2,0,207312,0
MISCELLANEOUS,MISCELLANEOUS,NO VALUE,NO VALUE,FY17-Q2,460335,0,0
"MEDTRONIC, INC.","MEDTRONIC, INC.",Medical,Diagnostics,FY17-Q2,130951,-6863,-0.05240891631
ROCHE DIAGNOSTICS,ROCHE DIAGNOSTICS,Medical,Monitoring / Surgical,FY17-Q2,220536,522700,2.370134581
GE HEALTHCARE,GE HEALTHCARE,Medical,Other,FY17-Q2,163976,414658,2.528772503
KONE CORPORATION,KONE ELEVATOR INDIA PRIVATE LTD,NO VALUE,NO VALUE,FY17-Q2,326423,0,0
WABCO INDIA LIMITED,WABCO INDIA LIMITED,Instrumentation,Automotive,FY17-Q2,6822,0,0
LEAX GROUP AB,LEAX GROUP AB,NO VALUE,NO VALUE,FY17-Q2,91087,0,0
WABCO INDIA LIMITED,WABCO INDIA LIMITED,Automotive,Instrumentation,FY17-Q3,1303744,1680287,1.28881667
CYIENT DLM PVT LTD,MISCELLANEOUS,Telecommunications,Other,FY17-Q3,0,111205,0
KONE CORPORATION,KONE CORPORATION,Industrial & Semiconductors,Control & Process,FY17-Q3,237142,1273990,5.372266406
PHILIPS MEDICAL SYSTEMS,PHILIPS MEDICAL SYSTEMS,NO VALUE,NO VALUE,FY17-Q3,2927308,0,0
WIPRO TECHNOLOGIES AUSTRIA GMBH,WIPRO TECHNOLOGIES AUSTRIA GMBH,Servers,Enterprise Computing & Storage,FY17-Q3,5329,0,0
KONE CORPORATION,KONE CORPORATION,NO VALUE,NO VALUE,FY17-Q3,489386,0,0
BULL SAS,BULL SAS,Enterprise Computing & Storage,Servers,FY17-Q3,5833220,3204799,0.5494047884
WABCO INDIA LIMITED,WABCO INDIA LIMITED,Instrumentation,Automotive,FY17-Q3,85126,0,0
LEAX GROUP AB,LEAX GROUP AB,NO VALUE,NO VALUE,FY17-Q3,22644,0,0
LEAX GROUP AB,LEAX GROUP AB,Telecommunications,Other,FY17-Q3,3995700,5144411,1.287486798
WIPRO GE HEALTHCARE PVT LTD,GE HEALTHCARE,Medical,Other,FY17-Q3,1162229,1490467,1.282421106
SANMINA-SCI EDI,MISCELLANEOUS,Telecommunications,Other,FY17-Q3,1663532,2009171,1.207774182
PHILIPS MEDICAL SYSTEMS,PHILIPS MEDICAL SYSTEMS,Medical,Other,FY17-Q3,220395,515441,2.338714581
ABB INC,ABB INC,Industrial & Semiconductors,Control & Process,FY17-Q3,0,10599,0
TEJAS NETWORKS LTD,TEJAS NETWORKS LTD,Other,Telecommunications,FY17-Q3,21540,0,0
SANMINA-SCI EDI,SANMINA-SCI EDI,Telecommunications,Other,FY17-Q3,351232,0,0
ROCHE DIAGNOSTICS,ROCHE DIAGNOSTICS,Medical,Monitoring / Surgical,FY17-Q3,506016,596376,1.178571429
NOKIA SOLUTIONS AND NETWORKS OY,NOKIA SOLUTIONS AND NETWORKS OY,Telecommunications,Other,FY17-Q3,0,5887108,0
BULL SAS,BULL SAS,Servers,Enterprise Computing & Storage,FY17-Q3,949262,0,0
TEJAS NETWORKS LTD,TEJAS NETWORKS LTD,Telecommunications,Other,FY17-Q3,602978,3111332,5.159942817
WIPRO TECHNOLOGIES AUSTRIA GMBH,WIPRO TECHNOLOGIES AUSTRIA GMBH,Enterprise Computing & Storage,Servers,FY17-Q3,30616,30827,1.006891821
NETRONOME SYSTEMS,NETRONOME SYSTEMS,Data Communications,Other,FY17-Q3,0,83380,0
GE HEALTHCARE,GE HEALTHCARE,NO VALUE,NO VALUE,FY17-Q3,626447,6632,0.0105866897
TEJAS NETWORKS LTD,TEJAS NETWORKS LTD,NO VALUE,NO VALUE,FY17-Q3,2880485,0,0
PHILIPS MEDICAL SYSTEMS,PHILIPS MEDICAL SYSTEMS,Monitoring / Surgical,Medical,FY17-Q3,5603521,0,0
NETRONOME SYSTEMS,NETRONOME SYSTEMS,NO VALUE,NO VALUE,FY17-Q3,14272,0,0
PHILIPS MEDICAL SYSTEMS,PHILIPS MEDICAL SYSTEMS,Medical,Monitoring / Surgical,FY17-Q3,114338,1666370,14.57406986
PHILIPS MEDICAL SYSTEMS,PHILIPS MEDICAL SYSTEMS,Medical,Diagnostics,FY17-Q3,2352762,2439097,1.036695169
NORTECH SYSTEMS,GE HEALTHCARE,Medical,Diagnostics,FY17-Q3,5892,5212,0.8845892736
MISCELLANEOUS,MISCELLANEOUS,NO VALUE,NO VALUE,FY17-Q3,108864,0,0
KONE CORPORATION,KONE ELEVATOR INDIA PRIVATE LTD,NO VALUE,NO VALUE,FY17-Q3,130945,0,0
GE HEALTHCARE,GE HEALTHCARE,Medical,Other,FY17-Q3,283637,543931,1.917701146
WABCO INDIA LIMITED,WABCO INDIA LIMITED,Automotive,Instrumentation,FY17-Q4,1215857,1933612,1.590328468
PHILIPS MEDICAL SYSTEMS,PHILIPS MEDICAL SYSTEMS,Medical,Diagnostics,FY17-Q4,1559640,3812362,2.444385884
KONE CORPORATION,KONE ELEVATOR INDIA PRIVATE LTD,NO VALUE,NO VALUE,FY17-Q4,378494,0,0
SANMINA-SCI EDI,MISCELLANEOUS,Telecommunications,Other,FY17-Q4,1406376,2023764,1.438992133
LEAX GROUP AB,LEAX GROUP AB,Telecommunications,Other,FY17-Q4,479091,229812,0.4796834004
CYIENT DLM PVT LTD,MISCELLANEOUS,Telecommunications,Other,FY17-Q4,211,27715,131.3507109
LEAX GROUP AB,LEAX ARKIVATOR TELECOM AB,Wireless base stations,Telecommunications,FY17-Q4,4446314,0,0
TEJAS NETWORKS LTD,TEJAS NETWORKS LTD,Telecommunications,Other,FY17-Q4,642632,1948540,3.032124139
NEC CORPORATION,NEC TECHNOLOGIES INDIA PRIVATE LIMITED,Telecommunications,Wireless base stations,FY17-Q4,747871,740833,0.9905892861
AMPHENOL,BULL SAS,Enterprise Computing & Storage,Enterprise,FY17-Q4,2233,2223,0.9955217197
NOKIA SOLUTIONS AND NETWORKS OY,NOKIA SOLUTIONS AND NETWORKS INDIA PRIVATE LIMITED,NO VALUE,NO VALUE,FY17-Q4,7188752,0,0
PHILIPS MEDICAL SYSTEMS,INVIVO CORPORATION,NO VALUE,NO VALUE,FY17-Q4,105298,0,0
BULL SAS,BULL SAS,Servers,Enterprise Computing & Storage,FY17-Q4,265,0,0
KONE CORPORATION,KONE CORPORATION,Industrial & Semiconductors,Control & Process,FY17-Q4,71417,977503,13.68725934
TEJAS NETWORKS LTD,TEJAS NETWORKS LTD,Other,Telecommunications,FY17-Q4,15170,0,0
TEJAS NETWORKS LTD,TEJAS NETWORKS LTD,NO VALUE,NO VALUE,FY17-Q4,3353592,0,0
LEAX GROUP AB,LEAX GROUP AB,NO VALUE,NO VALUE,FY17-Q4,448741,0,0
GE HEALTHCARE,GE HEALTHCARE,NO VALUE,NO VALUE,FY17-Q4,669660,0,0
PHILIPS MEDICAL SYSTEMS,PHILIPS MEDICAL SYSTEMS,Monitoring / Surgical,Medical,FY17-Q4,6141250,0,0
PHILIPS MEDICAL SYSTEMS,PHILIPS MEDICAL SYSTEMS,Medical,Other,FY17-Q4,261016,520143,1.992762896
WABCO INDIA LIMITED,WABCO INDIA LIMITED,Instrumentation,Automotive,FY17-Q4,245047,0,0
GE HEALTHCARE,GE HEALTHCARE,Medical,Other,FY17-Q4,310641,521068,1.677396094
SANMINA-SCI EDI,SANMINA-SCI EDI,Telecommunications,Other,FY17-Q4,124425,0,0
KONE CORPORATION,KONE CORPORATION,NO VALUE,NO VALUE,FY17-Q4,379847,0,0
BULL SAS,BULL SAS,Enterprise Computing & Storage,Servers,FY17-Q4,6198326,2992143,0.4827340479
"MEDTRONIC, INC.","MEDTRONIC, INC.",Medical,Diagnostics,FY17-Q4,130951,0,0
WIPRO GE HEALTHCARE PVT LTD,GE HEALTHCARE,Medical,Other,FY17-Q4,795857,970739,1.219740481
PHILIPS MEDICAL SYSTEMS,PHILIPS MEDICAL SYSTEMS,NO VALUE,NO VALUE,FY17-Q4,6046517,0,0
NORTECH SYSTEMS,GE HEALTHCARE,Medical,Diagnostics,FY17-Q4,0,15599,0
NETRONOME SYSTEMS,NETRONOME SYSTEMS,Data Communications,Other,FY17-Q4,419779,419301,0.9988613056
WIPRO TECHNOLOGIES AUSTRIA GMBH,WIPRO TECHNOLOGIES AUSTRIA GMBH,Enterprise Computing & Storage,Servers,FY17-Q4,118803,69425,0.584370765
ROCHE DIAGNOSTICS,ROCHE DIAGNOSTICS,Medical,Monitoring / Surgical,FY17-Q4,614448,696006,1.132733771
PHILIPS MEDICAL SYSTEMS,PHILIPS MEDICAL SYSTEMS,Medical,Monitoring / Surgical,FY17-Q4,377308,5649078,14.97205996
NOKIA SOLUTIONS AND NETWORKS OY,NOKIA SOLUTIONS AND NETWORKS OY,Telecommunications,Other,FY17-Q4,4888925,15992712,3.271212383
PHILIPS MEDICAL SYSTEMS,"RESPIRONICS, INC.",Medical,Diagnostics,FY17-Q4,4647,0,0
DERF ELECTRONICS CORP,MISCELLANEOUS,Telecommunications,Other,FY17-Q4,0,6760,0
KONE CORPORATION,KONE ELEVATOR INDIA PRIVATE LTD,NO VALUE,NO VALUE,FY18-Q1,255981,0,0
PHILIPS MEDICAL SYSTEMS,PHILIPS MEDICAL SYSTEMS,Medical,Diagnostics,FY18-Q1,2564487,4771936,1.860776054
BULL SAS,BULL SAS,Servers,Enterprise Computing & Storage,FY18-Q1,275,0,0
WIPRO GE HEALTHCARE PVT LTD,GE HEALTHCARE,Medical,Other,FY18-Q1,1083595,1223262,1.128892252
NEC CORPORATION,NEC TECHNOLOGIES INDIA PRIVATE LIMITED,Telecommunications,Wireless base stations,FY18-Q1,0,347427,0
PHILIPS MEDICAL SYSTEMS,PHILIPS MEDICAL SYSTEMS,Monitoring / Surgical,Medical,FY18-Q1,6112811,0,0
SANMINA-SCI EDI,MISCELLANEOUS,Telecommunications,Other,FY18-Q1,2026509,1852074,0.9139234023
LEAX GROUP AB,LEAX GROUP AB,Telecommunications,Other,FY18-Q1,491124,405852,0.8263737875
KONE CORPORATION,KONE CORPORATION,NO VALUE,NO VALUE,FY18-Q1,385056,0,0
TEJAS NETWORKS LTD,TEJAS NETWORKS LTD,Telecommunications,Other,FY18-Q1,3128680,5243996,1.676104939
MISCELLANEOUS,MISCELLANEOUS,NO VALUE,NO VALUE,FY18-Q1,111946,0,0
NORTECH SYSTEMS,GE HEALTHCARE,Medical,Diagnostics,FY18-Q1,6488,11446,1.764180025
WABCO INDIA LIMITED,WABCO INDIA LIMITED,Instrumentation,Automotive,FY18-Q1,1486716,0,0
WIPRO TECHNOLOGIES AUSTRIA GMBH,WIPRO TECHNOLOGIES AUSTRIA GMBH,Enterprise Computing & Storage,Servers,FY18-Q1,66285,1849,0.02789469714
SFO TECHNOLOGIES PVT LTD,MISCELLANEOUS,Telecommunications,Other,FY18-Q1,18463,18463,1
PHILIPS MEDICAL SYSTEMS,"RESPIRONICS, INC.",Medical,Diagnostics,FY18-Q1,11612,0,0
PHILIPS MEDICAL SYSTEMS,PHILIPS MEDICAL SYSTEMS,NO VALUE,NO VALUE,FY18-Q1,6561904,0,0
LEAX GROUP AB,LEAX ARKIVATOR TELECOM AB,Wireless base stations,Telecommunications,FY18-Q1,2385452,0,0
CYIENT DLM PVT LTD,MISCELLANEOUS,Telecommunications,Other,FY18-Q1,0,3474,0
TEJAS NETWORKS LTD,TEJAS NETWORKS LTD,NO VALUE,NO VALUE,FY18-Q1,2319843,0,0
TEJAS NETWORKS LTD,TEJAS NETWORKS LTD,Other,Telecommunications,FY18-Q1,7122,0,0
PHILIPS MEDICAL SYSTEMS,PHILIPS MEDICAL SYSTEMS,Medical,Monitoring / Surgical,FY18-Q1,267278,5086434,19.03050008
NOKIA SOLUTIONS AND NETWORKS OY,NOKIA SOLUTIONS AND NETWORKS INDIA PRIVATE LIMITED,NO VALUE,NO VALUE,FY18-Q1,12504001,0,0
GE HEALTHCARE,GE HEALTHCARE,NO VALUE,NO VALUE,FY18-Q1,481275,0,0
SANMINA-SCI EDI,SANMINA-SCI EDI,Telecommunications,Other,FY18-Q1,152040,0,0
KONE CORPORATION,KONE CORPORATION,Industrial & Semiconductors,Control & Process,FY18-Q1,24440,625435,25.59063011
BULL SAS,BULL SAS,Enterprise Computing & Storage,Servers,FY18-Q1,7510022,3898332,0.5190839654
KONE CORPORATION,KONE ELEVATOR INDIA PRIVATE LTD,Industrial & Semiconductors,Control & Process,FY18-Q1,937,0,0
WIPRO TECHNOLOGIES AUSTRIA GMBH,WIPRO TECHNOLOGIES AUSTRIA GMBH,Servers,Enterprise Computing & Storage,FY18-Q1,4723,0,0
NETRONOME SYSTEMS,NETRONOME SYSTEMS,Data Communications,Other,FY18-Q1,43641,43802,1.003689191
LEAX GROUP AB,LEAX GROUP AB,NO VALUE,NO VALUE,FY18-Q1,91486,0,0
NOKIA SOLUTIONS AND NETWORKS OY,NOKIA SOLUTIONS AND NETWORKS OY,Telecommunications,Other,FY18-Q1,544193,10197604,18.7389474
GE HEALTHCARE,GE HEALTHCARE,Medical,Other,FY18-Q1,429963,716911,1.667378356
PHILIPS MEDICAL SYSTEMS,PHILIPS MEDICAL SYSTEMS,Medical,Other,FY18-Q1,408325,366045,0.8964550297
ROCHE DIAGNOSTICS,ROCHE DIAGNOSTICS,Medical,Monitoring / Surgical,FY18-Q1,503496,395604,0.7857142857
"MEDTRONIC, INC.","MEDTRONIC, INC.",Medical,Diagnostics,FY18-Q1,130951,13417,0.1024581714
WABCO INDIA LIMITED,WABCO INDIA LIMITED,Automotive,Instrumentation,FY18-Q1,475338,1997193,4.201627053
PHILIPS MEDICAL SYSTEMS,INVIVO CORPORATION,NO VALUE,NO VALUE,FY18-Q1,1758,0,0
PHILIPS MEDICAL SYSTEMS,PHILIPS INDIA LIMITED,Medical,Monitoring / Surgical,FY18-Q1,699,0,0
ATHER ENERGY PRIVATE LIMITED,ATHER ENERGY PRIVATE LIMITED,Automotive,Instrumentation,FY18-Q1,0,171600,0
NORTECH SYSTEMS,GE HEALTHCARE,Medical,Diagnostics,FY18-Q2,9347,13953,1.492778432
PHILIPS MEDICAL SYSTEMS,PHILIPS MEDICAL SYSTEMS,Medical,Monitoring / Surgical,FY18-Q2,155788,4949901,31.77331373
"MEDTRONIC, INC.","MEDTRONIC, INC.",Medical,Diagnostics,FY18-Q2,121414,3451,0.02842341081
BULL SAS,BULL SAS,Servers,Enterprise Computing & Storage,FY18-Q2,14904,0,0
LEAX GROUP AB,LEAX GROUP AB,Telecommunications,Other,FY18-Q2,489942,581903,1.187697727
WABCO INDIA LIMITED,WABCO INDIA LIMITED,NO VALUE,NO VALUE,FY18-Q2,1953870,0,0
KONE CORPORATION,KONE ELEVATOR INDIA PRIVATE LTD,Industrial & Semiconductors,Control & Process,FY18-Q2,10414,0,0
LEAX GROUP AB,LEAX GROUP AB,Telecommunications,Wireless base stations,FY18-Q2,0,2393087,0
BULL SAS,BULL SAS,Enterprise Computing & Storage,Servers,FY18-Q2,3972468,3256388,0.8197392654
SANMINA-SCI EDI,SANMINA-SCI EDI,Telecommunications,Other,FY18-Q2,429284,0,0
ROCHE DIAGNOSTICS,ROCHE DIAGNOSTICS,Medical,Monitoring / Surgical,FY18-Q2,575424,2409570,4.187468719
NETRONOME SYSTEMS,NETRONOME SYSTEMS,Data Communications,Other,FY18-Q2,0,-228815,0
PHILIPS MEDICAL SYSTEMS,PHILIPS MEDICAL SYSTEMS,Medical,Other,FY18-Q2,28273,48376,1.711031726
ATHER ENERGY PRIVATE LIMITED,ATHER ENERGY PRIVATE LIMITED,Automotive,Instrumentation,FY18-Q2,149780,123425,0.8240419282
CYIENT DLM PVT LTD,MISCELLANEOUS,Telecommunications,Other,FY18-Q2,0,13155,0
BULL SA,BULL CORPORATION OF AMERICA,NO VALUE,NO VALUE,FY18-Q2,649,0,0
SANMINA-SCI EDI,NO VALUE,NO VALUE,NO VALUE,FY18-Q2,0,-85844,0
PHILIPS MEDICAL SYSTEMS,"PHILIPS ULTRASOUND, INC.",Medical,Monitoring / Surgical,FY18-Q2,106503,0,0
NOKIA SOLUTIONS AND NETWORKS OY,NOKIA SOLUTIONS AND NETWORKS OY,Telecommunications,Other,FY18-Q2,0,-35289,0
PHILIPS MEDICAL SYSTEMS,PHILIPS MEDICAL SYSTEMS,NO VALUE,NO VALUE,FY18-Q2,2700524,0,0
MISCELLANEOUS,MISCELLANEOUS,NO VALUE,NO VALUE,FY18-Q2,1675849,0,0
GE HEALTHCARE,GE HEALTHCARE,NO VALUE,NO VALUE,FY18-Q2,515112,0,0
KONE CORPORATION,KONE CORPORATION,Industrial & Semiconductors,Control & Process,FY18-Q2,45348,626724,13.82032284
TEJAS NETWORKS LTD,TEJAS NETWORKS LTD,Other,Telecommunications,FY18-Q2,36517,0,0
PHILIPS MEDICAL SYSTEMS,PHILIPS MEDICAL SYSTEMS,Monitoring / Surgical,Medical,FY18-Q2,1957289,0,0
PHILIPS MEDICAL SYSTEMS,"PHILIPS ULTRASOUND, INC.",NO VALUE,NO VALUE,FY18-Q2,21775,0,0
KONE CORPORATION,KONE ELEVATOR INDIA PRIVATE LTD,NO VALUE,NO VALUE,FY18-Q2,204191,0,0
WIPRO TECHNOLOGIES AUSTRIA GMBH,WIPRO TECHNOLOGIES AUSTRIA GMBH,Enterprise Computing & Storage,Servers,FY18-Q2,69694,0,0
GE HEALTHCARE,GE HEALTHCARE,Medical,Other,FY18-Q2,411732,722012,1.753597
AMPHENOL,BULL SAS,Enterprise Computing & Storage,Enterprise,FY18-Q2,2233,2223,0.9955217197
TEJAS NETWORKS LTD,TEJAS NETWORKS LTD,NO VALUE,NO VALUE,FY18-Q2,8347124,0,0
TEJAS NETWORKS LTD,TEJAS NETWORKS LTD,Telecommunications,Other,FY18-Q2,3952242,8299512,2.099950357
WIPRO GE HEALTHCARE PVT LTD,GE HEALTHCARE,Medical,Other,FY18-Q2,757225,1241652,1.63973984
WABCO INDIA LIMITED,WABCO INDIA LIMITED,Automotive,Instrumentation,FY18-Q2,732168,2850202,3.892825144
FLEXTRONICS,MISCELLANEOUS,Telecommunications,Other,FY18-Q2,0,369606,0
SANMINA-SCI EDI,MISCELLANEOUS,Telecommunications,Other,FY18-Q2,999845,1027991,1.028150363
PHILIPS MEDICAL SYSTEMS,"RESPIRONICS, INC.",Medical,Diagnostics,FY18-Q2,198481,0,0
PHILIPS MEDICAL SYSTEMS,PHILIPS MEDICAL SYSTEMS,Medical,Diagnostics,FY18-Q2,1731577,3718444,2.147432081
KONE CORPORATION,KONE CORPORATION,NO VALUE,NO VALUE,FY18-Q2,238543,0,0
LEAX GROUP AB,LEAX GROUP AB,NO VALUE,NO VALUE,FY18-Q2,808114,0,0
WIPRO TECHNOLOGIES AUSTRIA GMBH,WIPRO TECHNOLOGIES AUSTRIA GMBH,Enterprise Computing & Storage,Servers,FY18-Q3,68942,14613,0.2119607786
PHILIPS MEDICAL SYSTEMS,PHILIPS MEDICAL SYSTEMS,NO VALUE,NO VALUE,FY18-Q3,4832187,0,0
TEJAS NETWORKS LTD,TEJAS NETWORKS LTD,NO VALUE,NO VALUE,FY18-Q3,973063,0,0
PHILIPS MEDICAL SYSTEMS,"PHILIPS ULTRASOUND, INC.",Medical,Monitoring / Surgical,FY18-Q3,2244590,0,0
TEJAS NETWORKS LTD,TEJAS NETWORKS LTD,Telecommunications,Other,FY18-Q3,8187480,5542222,0.6769142642
WABCO INDIA LIMITED,WABCO INDIA LIMITED,NO VALUE,NO VALUE,FY18-Q3,1301496,0,0
BULL SAS,BULL SAS,Servers,Enterprise Computing & Storage,FY18-Q3,23142,0,0
PHILIPS MEDICAL SYSTEMS,"RESPIRONICS, INC.",Medical,Diagnostics,FY18-Q3,6408,0,0
MISCELLANEOUS,MISCELLANEOUS,NO VALUE,NO VALUE,FY18-Q3,1042956,0,0
DERF ELECTRONICS CORP,MISCELLANEOUS,Telecommunications,Other,FY18-Q3,0,605,0
PHILIPS MEDICAL SYSTEMS,PHILIPS MEDICAL SYSTEMS,Medical,Other,FY18-Q3,7519,11857,1.576938423
NETRONOME SYSTEMS,NETRONOME SYSTEMS,Data Communications,Other,FY18-Q3,0,1542,0
WABCO INDIA LIMITED,WABCO INDIA LIMITED,Automotive,Instrumentation,FY18-Q3,407696,2151675,5.277645599
KONE CORPORATION,KONE CORPORATION,NO VALUE,NO VALUE,FY18-Q3,691,0,0
ROCHE DIAGNOSTICS,ROCHE DIAGNOSTICS,Medical,Monitoring / Surgical,FY18-Q3,1510488,2672676,1.769412269
SANMINA-SCI EDI,SANMINA-SCI EDI,Medical,Other,FY18-Q3,1736915,0,0
LEAX GROUP AB,LEAX GROUP AB,Telecommunications,Wireless base stations,FY18-Q3,4914,92343,18.79181929
WIPRO GE HEALTHCARE PVT LTD,GE HEALTHCARE,Medical,Other,FY18-Q3,1442430,1694613,1.174832054
BULL SAS,BULL SAS,Enterprise Computing & Storage,Servers,FY18-Q3,4816710,3488537,0.7242572212
ROCHE DIAGNOSTICS,ROCHE DIAGNOSTICS,NO VALUE,NO VALUE,FY18-Q3,68169,0,0
TEJAS NETWORKS LTD,TEJAS NETWORKS LTD,Other,Telecommunications,FY18-Q3,15007,0,0
GE HEALTHCARE,GE HEALTHCARE,Medical,Other,FY18-Q3,569153,728814,1.280523866
BULL SA,BULL CORPORATION OF AMERICA,NO VALUE,NO VALUE,FY18-Q3,6,0,0
PHILIPS MEDICAL SYSTEMS,PHILIPS MEDICAL SYSTEMS,Medical,Diagnostics,FY18-Q3,2355942,3467582,1.471845232
PHILIPS MEDICAL SYSTEMS,PHILIPS MEDICAL SYSTEMS,Medical,Monitoring / Surgical,FY18-Q3,172651,7416536,42.95680882
FLEXTRONICS,MISCELLANEOUS,Telecommunications,Other,FY18-Q3,330046,298707,0.9050465693
NORTECH SYSTEMS,GE HEALTHCARE,Medical,Diagnostics,FY18-Q3,5113,4944,0.9669469978
KONE CORPORATION,KONE CORPORATION,Industrial & Semiconductors,Control & Process,FY18-Q3,20031,837231,41.79676501
PHILIPS MEDICAL SYSTEMS,INVIVO CORPORATION,NO VALUE,NO VALUE,FY18-Q3,8494,0,0
ATHER ENERGY PRIVATE LIMITED,ATHER ENERGY PRIVATE LIMITED,Automotive,Instrumentation,FY18-Q3,183307,343602,1.874461968
SANMINA-SCI EDI,NO VALUE,NO VALUE,NO VALUE,FY18-Q3,0,6381,0
ATHER ENERGY PRIVATE LIMITED,ATHER ENERGY PRIVATE LIMITED,Instrumentation,Automotive,FY18-Q3,10439,0,0
KONE CORPORATION,KONE ELEVATOR INDIA PRIVATE LTD,NO VALUE,NO VALUE,FY18-Q3,777485,0,0
NOKIA SOLUTIONS AND NETWORKS OY,NOKIA SOLUTIONS AND NETWORKS OY,Telecommunications,Other,FY18-Q3,0,1427,0
PHILIPS MEDICAL SYSTEMS,"PHILIPS ULTRASOUND, INC.",NO VALUE,NO VALUE,FY18-Q3,274409,0,0
SANMINA-SCI EDI,MISCELLANEOUS,Telecommunications,Other,FY18-Q3,605345,2431454,4.01664175
CYIENT DLM PVT LTD,MISCELLANEOUS,Telecommunications,Other,FY18-Q3,0,2731,0
AMPHENOL,BULL SAS,Enterprise Computing & Storage,Enterprise,FY18-Q3,4466,4456,0.9977608598
GE HEALTHCARE,GE HEALTHCARE,NO VALUE,NO VALUE,FY18-Q3,373384,0,0
ATHER ENERGY PRIVATE LIMITED,ATHER ENERGY PRIVATE LIMITED,Automotive,Instrumentation,FY18-Q4,1150000,659565,0.5735347826
ROCHE DIAGNOSTICS,ROCHE DIAGNOSTICS,NO VALUE,NO VALUE,FY18-Q4,68304,24,0.0003513703443
PHILIPS MEDICAL SYSTEMS,PHILIPS MEDICAL SYSTEMS,Medical,Diagnostics,FY18-Q4,1030997,2719306,2.637549867
PHILIPS MEDICAL SYSTEMS,INVIVO CORPORATION,NO VALUE,NO VALUE,FY18-Q4,6670,0,0
WABCO INDIA LIMITED,WABCO INDIA LIMITED,Automotive,Instrumentation,FY18-Q4,260097,2106225,8.097844266
SANMINA-SCI EDI,MISCELLANEOUS,Telecommunications,Other,FY18-Q4,50652,1252405,24.72567717
"MEDTRONIC, INC.","MEDTRONIC, INC.",Medical,Diagnostics,FY18-Q4,0,-3,0
BULL SAS,BULL SAS,Servers,Enterprise Computing & Storage,FY18-Q4,2031206,0,0
TEJAS NETWORKS LTD,TEJAS NETWORKS LTD,Other,Telecommunications,FY18-Q4,325239,0,0
PHILIPS MEDICAL SYSTEMS,"PHILIPS ULTRASOUND, INC.",Medical,Monitoring / Surgical,FY18-Q4,1932033,0,0
GE HEALTHCARE,GE HEALTHCARE,Medical,Other,FY18-Q4,634415,813215,1.281834446
NOKIA SOLUTIONS AND NETWORKS OY,NOKIA SOLUTIONS AND NETWORKS OY,Telecommunications,Other,FY18-Q4,0,5469592,0
PHILIPS MEDICAL SYSTEMS,PHILIPS MEDIZIN SYSTEME BOEBLINGEN GMBH,Medical,Diagnostics,FY18-Q4,3214,0,0
ROCHE DIAGNOSTICS,ROCHE DIAGNOSTICS,Medical,Monitoring / Surgical,FY18-Q4,906066,2331840,2.573587355
PHILIPS MEDICAL SYSTEMS,PHILIPS MEDICAL SYSTEMS,Medical,Other,FY18-Q4,431500,1383487,3.206227115
TEJAS NETWORKS LTD,TEJAS NETWORKS LTD,NO VALUE,NO VALUE,FY18-Q4,1728418,0,0
BULL SA,BULL CORPORATION OF AMERICA,NO VALUE,NO VALUE,FY18-Q4,4,0,0
GE HEALTHCARE,GE HEALTHCARE,NO VALUE,NO VALUE,FY18-Q4,228669,1,0.000004373133219
SANMINA-SCI EDI,SANMINA-SCI EDI,Telecommunications,Other,FY18-Q4,2315887,0,0
PHILIPS MEDICAL SYSTEMS,"RESPIRONICS, INC.",Medical,Diagnostics,FY18-Q4,29779,0,0
KONE CORPORATION,KONE CORPORATION,Industrial & Semiconductors,Control & Process,FY18-Q4,48662,624286,12.8290247
SANMINA-SCI EDI,NO VALUE,NO VALUE,NO VALUE,FY18-Q4,0,-299920,0
SANMINA-SCI EDI,ROCHE DIAGNOSTICS,Medical,Monitoring / Surgical,FY18-Q4,0,1395128,0
"PCG TRADING, LLC D.B.A. CONVERGE",MISCELLANEOUS,Telecommunications,Other,FY18-Q4,0,66915,0
WABCO INDIA LIMITED,WABCO INDIA LIMITED,NO VALUE,NO VALUE,FY18-Q4,1949987,0,0
PHILIPS MEDICAL SYSTEMS,PHILIPS MEDICAL SYSTEMS,NO VALUE,NO VALUE,FY18-Q4,3701197,0,0
PHILIPS MEDICAL SYSTEMS,PHILIPS MEDICAL SYSTEMS,Medical,Monitoring / Surgical,FY18-Q4,457126,11637890,25.45882317
MISCELLANEOUS,MISCELLANEOUS,NO VALUE,NO VALUE,FY18-Q4,1366372,0,0
KONE CORPORATION,KONE ELEVATOR INDIA PRIVATE LTD,NO VALUE,NO VALUE,FY18-Q4,595906,0,0
ADVANCED MP TECHNOLOGY INC.,MISCELLANEOUS,Telecommunications,Other,FY18-Q4,0,14680,0
WIPRO GE HEALTHCARE PVT LTD,GE HEALTHCARE,Medical,Other,FY18-Q4,1008845,1596258,1.582262885
BULL SAS,BULL SAS,Enterprise Computing & Storage,Servers,FY18-Q4,2130812,1508712,0.7080455714
WIPRO TECHNOLOGIES AUSTRIA GMBH,WIPRO TECHNOLOGIES AUSTRIA GMBH,Enterprise Computing & Storage,Servers,FY18-Q4,58738,11914,0.2028329191
KONE CORPORATION,KONE CORPORATION,NO VALUE,NO VALUE,FY18-Q4,702,0,0
NORTECH SYSTEMS,GE HEALTHCARE,Medical,Diagnostics,FY18-Q4,14048,17804,1.267369021
TEJAS NETWORKS LTD,TEJAS NETWORKS LTD,Telecommunications,Other,FY18-Q4,4037613,4112464,1.018538429
PHILIPS MEDICAL SYSTEMS,"PHILIPS ULTRASOUND, INC.",NO VALUE,NO VALUE,FY18-Q4,5944,0,0
NOKIA SOLUTIONS AND NETWORKS OY,NOKIA SOLUTIONS AND NETWORKS OY,NO VALUE,NO VALUE,FY19-Q1,1925299,23784,0.01235340589
GE HEALTHCARE,GE HEALTHCARE,Medical,Other,FY19-Q1,716774,824937,1.150902516
PHILIPS MEDICAL SYSTEMS,"PHILIPS ULTRASOUND, INC.",Medical,Monitoring / Surgical,FY19-Q1,3659889,0,0
NOKIA SOLUTIONS AND NETWORKS OY,NOKIA SOLUTIONS AND NETWORKS OY,Telecommunications,Other,FY19-Q1,757674,2689097,3.549147787
PHILIPS MEDICAL SYSTEMS,PHILIPS INDIA LIMITED,Medical,Other,FY19-Q1,11250,0,0
WIPRO GE HEALTHCARE PVT LTD,GE HEALTHCARE,Medical,Other,FY19-Q1,1015128,1586022,1.562386221
"MEDTRONIC, INC.","MEDTRONIC, INC.",Medical,Diagnostics,FY19-Q1,0,50873,0
WABCO INDIA LIMITED,WABCO INDIA LIMITED,NO VALUE,NO VALUE,FY19-Q1,2009273,0,0
GE HEALTHCARE,GE HEALTHCARE,NO VALUE,NO VALUE,FY19-Q1,595129,926,0.001555965177
TEJAS NETWORKS LTD,TEJAS NETWORKS LTD,Other,Telecommunications,FY19-Q1,2084518,0,0
WABCO INDIA LIMITED,WABCO INDIA LIMITED,Automotive,Instrumentation,FY19-Q1,570450,2324364,4.074614778
ADVANCED MP TECHNOLOGY INC.,MISCELLANEOUS,Telecommunications,Other,FY19-Q1,2200,2800,1.272727273
ROCHE DIAGNOSTICS,ROCHE DIAGNOSTICS,Medical,Monitoring / Surgical,FY19-Q1,1070280,3330828,3.112108981
BULL SAS,BULL SAS,Servers,Enterprise Computing & Storage,FY19-Q1,265,0,0
NORTECH SYSTEMS,GE HEALTHCARE,Medical,Diagnostics,FY19-Q1,5337,8933,1.673786772
ATHER ENERGY PRIVATE LIMITED,ATHER ENERGY PRIVATE LIMITED,Automotive,Instrumentation,FY19-Q1,3429348,512750,0.1495182175
BULL SAS,BULL SAS,Enterprise Computing & Storage,Servers,FY19-Q1,1278124,1495190,1.169831722
SANMINA-SCI EDI,ROCHE DIAGNOSTICS,Medical,Monitoring / Surgical,FY19-Q1,0,1669513,0
PHILIPS MEDICAL SYSTEMS,"RESPIRONICS, INC.",Medical,Diagnostics,FY19-Q1,8890,0,0
ROCHE DIAGNOSTICS,ROCHE DIAGNOSTICS,NO VALUE,NO VALUE,FY19-Q1,2042430,0,0
PHILIPS MEDICAL SYSTEMS,PHILIPS MEDICAL SYSTEMS,Medical,Other,FY19-Q1,682182,1469944,2.154768082
KONE CORPORATION,KONE ELEVATOR INDIA PRIVATE LTD,NO VALUE,NO VALUE,FY19-Q1,563004,0,0
PHILIPS MEDICAL SYSTEMS,PHILIPS HEALTHCARE,Medical,Other,FY19-Q1,45388,0,0
SANMINA-SCI EDI,MISCELLANEOUS,Telecommunications,Other,FY19-Q1,66943,120320,1.797349984
KONE CORPORATION,KONE ELEVATOR INDIA PRIVATE LTD,Industrial & Semiconductors,Control & Process,FY19-Q1,40825,0,0
PHILIPS MEDICAL SYSTEMS,PHILIPS MEDICAL SYSTEMS,NO VALUE,NO VALUE,FY19-Q1,7323735,111,0.00001515620104
WIPRO TECHNOLOGIES AUSTRIA GMBH,WIPRO TECHNOLOGIES AUSTRIA GMBH,Enterprise Computing & Storage,Servers,FY19-Q1,46824,18129,0.3871732445
TEJAS NETWORKS LTD,TEJAS NETWORKS LTD,NO VALUE,NO VALUE,FY19-Q1,2201128,0,0
ROCHE DIAGNOSTICS,ROCHE DIAGNOSTICS,Telecommunications,Other,FY19-Q1,1389532,0,0
TEJAS NETWORKS LTD,TEJAS NETWORKS LTD,Telecommunications,Other,FY19-Q1,2581986,4382664,1.697400373
KONE CORPORATION,KONE CORPORATION,Industrial & Semiconductors,Control & Process,FY19-Q1,8078,587257,72.69831641
PHILIPS MEDICAL SYSTEMS,PHILIPS MEDICAL SYSTEMS,Medical,Monitoring / Surgical,FY19-Q1,185871,13592073,73.12637797
PHILIPS MEDICAL SYSTEMS,PHILIPS MEDICAL SYSTEMS,Medical,Diagnostics,FY19-Q1,1955597,4745633,2.426692718
PHILIPS MEDICAL SYSTEMS,"PHILIPS ULTRASOUND, INC.",NO VALUE,NO VALUE,FY19-Q1,20090,0,0
PHILIPS MEDICAL SYSTEMS,PHILIPS HEALTHCARE,Medical,Other,FY19-Q2,78651,0,0
GE HEALTHCARE,GE HEALTHCARE,Medical,Other,FY19-Q2,543661,778958,1.432800955
TEJAS NETWORKS LTD,TEJAS NETWORKS LTD,Telecommunications,Other,FY19-Q2,4754343,7012161,1.4748959
SANMINA-SCI EDI,NO VALUE,NO VALUE,NO VALUE,FY19-Q2,0,829,0
BULL SAS,BULL SAS,Servers,Enterprise Computing & Storage,FY19-Q2,259,0,0
ATHER ENERGY PRIVATE LIMITED,ATHER ENERGY PRIVATE LIMITED,Automotive,Instrumentation,FY19-Q2,3364676,1435881,0.4267516397
PHILIPS MEDICAL SYSTEMS,PHILIPS INDIA LIMITED,Medical,Other,FY19-Q2,82889,0,0
PHILIPS MEDICAL SYSTEMS,"PHILIPS ULTRASOUND, INC.",Medical,Other,FY19-Q2,16228,0,0
"MEDTRONIC, INC.","MEDTRONIC, INC.",Medical,Diagnostics,FY19-Q2,107762,43414,0.402869286
PHILIPS MEDICAL SYSTEMS,"RESPIRONICS, INC.",Medical,Diagnostics,FY19-Q2,222022,0,0
PHILIPS MEDICAL SYSTEMS,PHILIPS MEDICAL SYSTEMS,Medical,Diagnostics,FY19-Q2,1707305,5080074,2.975492955
PHILIPS MEDICAL SYSTEMS,PHILIPS MEDICAL SYSTEMS,Medical,Monitoring / Surgical,FY19-Q2,14261,12586953,882.6136316
PHILIPS MEDICAL SYSTEMS,PHILIPS MEDICAL SYSTEMS,Medical,Other,FY19-Q2,394625,649965,1.647044663
WIPRO TECHNOLOGIES AUSTRIA GMBH,WIPRO TECHNOLOGIES AUSTRIA GMBH,Enterprise Computing & Storage,Servers,FY19-Q2,27693,4397,0.1587765861
SANMINA-SCI EDI,MISCELLANEOUS,Telecommunications,Other,FY19-Q2,89501,1552703,17.34844303
KONE CORPORATION,KONE CORPORATION,Industrial & Semiconductors,Control & Process,FY19-Q2,24381,-62176,-2.550182519
WIPRO GE HEALTHCARE PVT LTD,GE HEALTHCARE,Medical,Other,FY19-Q2,861556,1244997,1.445056386
PHILIPS MEDICAL SYSTEMS,"PHILIPS ULTRASOUND, INC.",NO VALUE,NO VALUE,FY19-Q2,24449,0,0
NETRONOME SYSTEMS,NETRONOME SYSTEMS,Data Communications,Other,FY19-Q2,0,127569,0
NOKIA SOLUTIONS AND NETWORKS OY,NOKIA SOLUTIONS AND NETWORKS OY,Telecommunications,Other,FY19-Q2,0,-1427,0
ROCHE DIAGNOSTICS,ROCHE DIAGNOSTICS,Medical,Monitoring / Surgical,FY19-Q2,1920888,3768000,1.961592763
BULL SAS,BULL SAS,Enterprise Computing & Storage,Servers,FY19-Q2,5371839,2077787,0.3867924932
TEJAS NETWORKS LTD,TEJAS NETWORKS LTD,NO VALUE,NO VALUE,FY19-Q2,1223729,0,0
WABCO INDIA LIMITED,WABCO INDIA LIMITED,Automotive,Instrumentation,FY19-Q2,793984,1084014,1.365284439
PHILIPS MEDICAL SYSTEMS,PHILIPS MEDICAL SYSTEMS,NO VALUE,NO VALUE,FY19-Q2,5699714,0,0
PHILIPS MEDICAL SYSTEMS,"PHILIPS ULTRASOUND, INC.",Medical,Monitoring / Surgical,FY19-Q2,722969,0,0
KONE CORPORATION,KONE ELEVATOR INDIA PRIVATE LTD,NO VALUE,NO VALUE,FY19-Q2,417338,0,0
DERF ELECTRONICS CORP,MISCELLANEOUS,Telecommunications,Other,FY19-Q2,0,1337,0
NORTECH SYSTEMS,GE HEALTHCARE,Medical,Diagnostics,FY19-Q2,6424,7003,1.09013076
KONE CORPORATION,KONE ELEVATOR INDIA PRIVATE LTD,Industrial & Semiconductors,Control & Process,FY19-Q2,16696,0,0
GE HEALTHCARE,GE HEALTHCARE,NO VALUE,NO VALUE,FY19-Q2,532893,924,0.001733931577
WABCO INDIA LIMITED,WABCO INDIA LIMITED,NO VALUE,NO VALUE,FY19-Q2,1928632,0,0
ROCHE DIAGNOSTICS,ROCHE DIAGNOSTICS,NO VALUE,NO VALUE,FY19-Q2,1352403,0,0
TEJAS NETWORKS LTD,TEJAS NETWORKS LTD,Other,Telecommunications,FY19-Q2,1536597,0,0
PHILIPS MEDICAL SYSTEMS,"PHILIPS ULTRASOUND, INC.",Medical,Monitoring / Surgical,FY19-Q3,100820,0,0
ATHER ENERGY PRIVATE LIMITED,ATHER ENERGY PRIVATE LIMITED,Automotive,Instrumentation,FY19-Q3,2858769,2161075,0.7559460033
TEJAS NETWORKS LTD,TEJAS NETWORKS LTD,Other,Telecommunications,FY19-Q3,1360564,0,0
TEJAS NETWORKS LTD,TEJAS NETWORKS LTD,Telecommunications,Other,FY19-Q3,10070152,8698441,0.8637844791
ROCHE DIAGNOSTICS,ROCHE DIAGNOSTICS,Medical,Monitoring / Surgical,FY19-Q3,3124296,5919210,1.89457401
GE HEALTHCARE,GE HEALTHCARE,NO VALUE,NO VALUE,FY19-Q3,698431,1967,0.002816312563
PHILIPS MEDICAL SYSTEMS,"PHILIPS ULTRASOUND, INC.",NO VALUE,NO VALUE,FY19-Q3,710684,0,0
BULL SAS,BULL SAS,Enterprise Computing & Storage,Servers,FY19-Q3,1746993,609363,0.3488067783
PHILIPS MEDICAL SYSTEMS,INVIVO CORPORATION,NO VALUE,NO VALUE,FY19-Q3,25589,0,0
GE HEALTHCARE,GE HEALTHCARE,Medical,Other,FY19-Q3,590021,938197,1.59010781
BULL SAS,BULL SAS,Servers,Enterprise Computing & Storage,FY19-Q3,253,0,0
ROCHE DIAGNOSTICS,ROCHE DIAGNOSTICS,NO VALUE,NO VALUE,FY19-Q3,3634329,0,0
NORTECH SYSTEMS,GE HEALTHCARE,Medical,Diagnostics,FY19-Q3,3645,9983,2.738820302
WIPRO GE HEALTHCARE PVT LTD,GE HEALTHCARE,Medical,Other,FY19-Q3,1035810,1284398,1.239993821
PHILIPS MEDICAL SYSTEMS,PHILIPS MEDICAL SYSTEMS,Medical,Monitoring / Surgical,FY19-Q3,346884,8808919,25.39442292
PHILIPS MEDICAL SYSTEMS,"RESPIRONICS, INC.",Medical,Diagnostics,FY19-Q3,46394,0,0
NOKIA SOLUTIONS AND NETWORKS OY,NOKIA SOLUTIONS AND NETWORKS OY,Telecommunications,Other,FY19-Q3,0,0,0
SANMINA-SCI EDI,SANMINA-SCI EDI,NO VALUE,NO VALUE,FY19-Q3,73580,0,0
PHILIPS MEDICAL SYSTEMS,PHILIPS HEALTHCARE,Medical,Other,FY19-Q3,21911,0,0
KONE CORPORATION,KONE CORPORATION,Industrial & Semiconductors,Control & Process,FY19-Q3,0,406262,0
PHILIPS MEDICAL SYSTEMS,PHILIPS MEDICAL SYSTEMS,Medical,Other,FY19-Q3,1253321,1477352,1.178749897
PHILIPS MEDICAL SYSTEMS,PHILIPS MEDICAL SYSTEMS,NO VALUE,NO VALUE,FY19-Q3,6249850,5804,0.0009286622879
TEJAS NETWORKS LTD,TEJAS NETWORKS LTD,NO VALUE,NO VALUE,FY19-Q3,1702531,0,0
KONE CORPORATION,KONE ELEVATOR INDIA PRIVATE LTD,NO VALUE,NO VALUE,FY19-Q3,390214,0,0
SANMINA-SCI EDI,MISCELLANEOUS,Telecommunications,Other,FY19-Q3,27720,954836,34.44574315
KONE CORPORATION,KONE ELEVATOR INDIA PRIVATE LTD,Industrial & Semiconductors,Control & Process,FY19-Q3,4468,0,0
ADVANCED MP TECHNOLOGY INC.,MISCELLANEOUS,Telecommunications,Other,FY19-Q3,0,368,0
"MEDTRONIC, INC.","MEDTRONIC, INC.",Medical,Diagnostics,FY19-Q3,79504,125085,1.573317066
PHILIPS MEDICAL SYSTEMS,PHILIPS MEDICAL SYSTEMS,Medical,Diagnostics,FY19-Q3,1210542,3106369,2.566097665
BLOOM ENERGY,BLOOM ENERGY,Industrial & Semiconductors,Control & Process,FY19-Q4,76750,51601,0.6723257329
PHILIPS CONSUMER ELECTRONICS,PHILIPS MEDICAL SYSTEMS,Medical,Therapeutic,FY19-Q4,0,124259,0
BULL SAS,BULL SAS,Enterprise Computing & Storage,Servers,FY19-Q4,2138047,1206694,0.5643907734
SANMINA-SCI EDI,MISCELLANEOUS,Telecommunications,Other,FY19-Q4,77635,1040116,13.39751401
NORTECH SYSTEMS,GE HEALTHCARE,Medical,Diagnostics,FY19-Q4,8056,18147,2.252606753
TEJAS NETWORKS LTD,TEJAS NETWORKS LTD,Other,Telecommunications,FY19-Q4,1104875,0,0
TEJAS NETWORKS LTD,TEJAS NETWORKS LTD,NO VALUE,NO VALUE,FY19-Q4,2205899,0,0
BULL SAS,BULL SAS,NO VALUE,NO VALUE,FY19-Q4,6135,0,0
PHILIPS MEDICAL SYSTEMS,PHILIPS MEDICAL SYSTEMS,NO VALUE,NO VALUE,FY19-Q4,2110233,17867,0.008466837548
PHILIPS MEDICAL SYSTEMS,PHILIPS MEDICAL SYSTEMS,Medical,Monitoring / Surgical,FY19-Q4,38093,11583003,304.071693
THALES- AVIONICS,THALES- AVIONICS,Defense & Aerospace,"3C-Command, Control, & Comm.",FY19-Q4,0,155588,0
GE HEALTHCARE,GE HEALTHCARE,Medical,Other,FY19-Q4,606108,1072639,1.769715958
PHILIPS MEDICAL SYSTEMS,PHILIPS MEDICAL SYSTEMS,Medical,Diagnostics,FY19-Q4,1837649,2215153,1.205427696
PHILIPS MEDICAL SYSTEMS,"PHILIPS ULTRASOUND, INC.",Telecommunications,Other,FY19-Q4,1093155,0,0
ATHER ENERGY PRIVATE LIMITED,ATHER ENERGY PRIVATE LIMITED,Automotive,Instrumentation,FY19-Q4,946827,655155,0.6919479483
ROCHE DIAGNOSTICS,ROCHE DIAGNOSTICS,Medical,Monitoring / Surgical,FY19-Q4,5489070,7756343,1.413052302
PHILIPS MEDICAL SYSTEMS,INVIVO CORPORATION,Medical,Diagnostics,FY19-Q4,138870,0,0
BULL SA,BULL CORPORATION OF AMERICA,NO VALUE,NO VALUE,FY19-Q4,25,0,0
PHILIPS MEDICAL SYSTEMS,PHILIPS MEDICAL SYSTEMS,Medical,Other,FY19-Q4,596788,453632,0.7601225226
ROCHE DIAGNOSTICS,ROCHE DIAGNOSTICS,NO VALUE,NO VALUE,FY19-Q4,1741327,0,0
PHILIPS MEDICAL SYSTEMS,"PHILIPS ULTRASOUND, INC.",Medical,Monitoring / Surgical,FY19-Q4,708117,0,0
WIPRO GE HEALTHCARE PVT LTD,GE HEALTHCARE,Medical,Other,FY19-Q4,1203238,1346276,1.118877562
PHILIPS MEDICAL SYSTEMS,"PHILIPS ULTRASOUND, INC.",Medical,Other,FY19-Q4,32927,0,0
"MEDTRONIC, INC.","MEDTRONIC, INC.",NO VALUE,NO VALUE,FY19-Q4,0,0,0
KONE CORPORATION,KONE CORPORATION,Industrial & Semiconductors,Control & Process,FY19-Q4,0,0,0
GE HEALTHCARE,GE HEALTHCARE,NO VALUE,NO VALUE,FY19-Q4,501732,9,0.00001793786324
KONE CORPORATION,KONE CORPORATION,NO VALUE,NO VALUE,FY19-Q4,105671,0,0
BULL SAS,BULL SAS,Servers,Enterprise Computing & Storage,FY19-Q4,10951,0,0
THALES- AVIONICS,THALES- AVIONICS,NO VALUE,NO VALUE,FY19-Q4,539,0,0
TEJAS NETWORKS LTD,TEJAS NETWORKS LTD,Telecommunications,Other,FY19-Q4,7636727,5288608,0.692522857